element_id	mean_activity	std_activity	n_barcodes	active	pvalue	fdr	fold_over_controls	zscore
FAM000_mut0	1.135507528886374	0.52214695518745	20	False	0.3876993233465612	0.5894077550876775	1.0817582009039657	0.28532045025655006
FAM000_mut1	0.832139008264548	0.3455572388634266	20	False	0.6837171216216493	0.81827847002591	0.8766115164057138	-0.4781186527324197
FAM000_mut2	0.7302740662498118	0.5052497222540167	21	False	0.7686675769441111	0.8604487801613184	0.8168508565934669	-0.7344658828219168
FAM000_mut3	0.7381678278853643	0.6356373888566882	21	False	0.7625721599928372	0.8590575978992938	0.821332537266989	-0.7146009136751433
FAM000_ref	3.695384920384841	0.6180210587570689	20	True	8.638756376910806e-12	3.2667566131175315e-11	6.378669145644435	6.727355027613187
FAM001_mut0	0.8025929232615204	0.4652161330051839	21	False	0.7096876873124511	0.8258372022760264	0.8588412869100022	-0.5524725658718319
FAM001_mut1	0.9585042510438152	0.6293873098417996	20	False	0.5636049262250915	0.7330121872869688	0.9568566959440261	-0.1601154288031721
FAM001_mut2	1.6345890028770036	0.4787029497863319	21	False	0.0616244385262541	0.12604998789461067	1.5288634218434562	1.5412790844643156
FAM001_mut3	1.0504124406935236	0.6496037518337798	20	False	0.47162914636276654	0.6592268079907663	1.0197976862193625	0.07117523286367097
FAM001_ref	3.2499466127619647	0.6372261575281558	20	True	1.0329413990817216e-08	3.296621486431026e-08	4.6842469702144465	5.606391582521754
FAM002_mut0	0.6126845730075725	0.607514760007404	20	False	0.8485852454405969	0.9163932833173898	0.7529130144152028	-1.0303845795204825
FAM002_mut1	1.2076072140823992	0.5374193426502905	20	False	0.320335006946321	0.5166738946234543	1.137193488363262	0.46676221250338873
FAM002_mut2	0.8841355784182311	0.4014257338363171	21	False	0.6358047010506083	0.7903649598695407	0.9087819636941906	-0.34726718931998657
FAM002_mut3	0.799840664864984	0.5903506743748181	20	False	0.7120551877402184	0.8258372022760264	0.8572044199217603	-0.5593987349982092
FAM002_ref	2.0222983616528536	0.4995338680562677	20	True	0.005918524252415347	0.012743234036300986	2.0002341460210222	2.5169653042393816
FAM003_mut0	0.7803125186412833	0.5900547833212204	21	False	0.7285860042692105	0.8406281620854837	0.8456795795794587	-0.6085421016385609
FAM003_mut1	1.3029166455801906	0.4396049997426802	20	False	0.23990374135279335	0.42417501527405155	1.2148575637948547	0.7066122362959613
FAM003_mut2	1.2784599332166942	0.6359846091882883	21	False	0.25944222925851546	0.4432656355471274	1.194436752268287	0.6450659344233217
FAM003_mut3	1.3572587609696058	0.6496286196515152	20	False	0.19951179025609955	0.3694662782520362	1.261490454826558	0.8433663587816462
FAM003_ref	3.3268480865329098	0.6290355952363161	21	True	3.3173828128951754e-09	1.0663016184305922e-08	4.940710814476243	5.799917239151785
FAM004_mut0	1.7026988209641172	0.4461422482254396	20	False	0.04338569619898147	0.08955762976853973	1.602772153838127	1.7126801854044733
FAM004_mut1	0.9001934232390343	0.7989133395141529	20	False	0.6205238808310214	0.7850116344435819	0.9189536183127137	-0.306856975957038
FAM004_mut2	1.0038744689747836	0.4225609966747885	23	False	0.5183207436803272	0.6900719960241043	0.9874263146106356	-0.045939447694008255
FAM004_mut3	1.19745877563172	0.5712134764941305	22	False	0.32952568845478114	0.5258388645555018	1.1292221278573653	0.4412232583243445
FAM004_ref	2.7184712257314327	0.4140559940024029	20	True	9.821421053657353e-06	2.6380963182125778e-05	3.2407815006914213	4.268912361198376
FAM005_mut0	0.5813153295099165	0.5847901183158245	20	False	0.8663553310267722	0.9199872494349275	0.7367187463411259	-1.1093265444554234
FAM005_mut1	0.608997282563971	0.565428428098526	21	False	0.8507519364750716	0.9163932833173898	0.7509911500301997	-1.0396637944599656
FAM005_mut2	1.1832588984654473	0.4755891857344848	21	False	0.34255916315507284	0.5408828891922203	1.1181621594335478	0.40548869541006394
FAM005_mut3	1.1556956472122029	0.5945713980001583	20	False	0.36838843035767654	0.5677218960991591	1.0970020154593099	0.3361246632781072
FAM005_ref	2.8864894500632263	0.6379922807697833	20	True	1.3544761685579942e-06	3.7858029555968788e-06	3.641063695924707	4.691736991145942
FAM006_mut0	1.4357578102670083	0.5302862369329245	22	False	0.14895810807061827	0.28892736479214753	1.3320316288787835	1.0409123785804593
FAM006_mut1	1.355841015069571	0.6810316110087368	20	False	0.20051067495029484	0.369794277572265	1.2602513887832574	0.839798544111982
FAM006_mut2	0.5272222945815896	0.4644031124744321	20	False	0.893517514532224	0.9264582523951632	0.7096073331093007	-1.245453845926866
FAM006_mut3	1.508806518979471	0.5841473205486729	20	False	0.11033614730189278	0.2216574387761239	1.4012137477831386	1.2247423967367095
FAM006_ref	3.5821441333242467	0.6110976841828333	21	True	5.880718134676499e-11	2.0674399692222067e-10	5.897136802799023	6.442380025203246
FAM007_mut0	0.8705194573206281	0.4059267920457684	20	False	0.6485959965605846	0.7997497921241994	0.9002452493975999	-0.38153270657153276
FAM007_mut1	1.2082759459420207	0.6969219037009559	20	False	0.31973316009616526	0.5166738946234543	1.137720733396911	0.46844510316720284
FAM007_mut2	1.283527798917866	0.5672276982381189	20	False	0.2553270861873089	0.4419122645549578	1.1986399200803854	0.6578194226133314
FAM007_mut3	1.1677197171562967	0.5319319640062418	20	False	0.35703938314120287	0.5540266290122113	1.1061831307334704	0.3663837196679389
FAM007_ref	2.5031537895498994	0.4334083755884532	21	True	9.686419102561405e-05	0.0002394993734149798	2.7914685819935143	3.7270573592378073
FAM008_mut0	1.1537603685682318	0.6913252670248858	20	False	0.3702261447115949	0.568606706894941	1.095531447380025	0.3312544566101295
FAM008_mut1	1.7047324966853736	0.4401727144334647	20	False	0.04291673211152491	0.0894098585656769	1.6050330732783993	1.7177980122812504
FAM008_mut2	0.8515314730760051	0.6096455271990809	20	False	0.6661536297150961	0.8094288790512244	0.8884743317793853	-0.4293167338317453
FAM008_mut3	1.2927108273758443	0.3821519477018703	20	False	0.24795824537475708	0.4324853117001577	1.2062938246922206	0.6809288836553377
FAM008_ref	2.346426273750011	0.6364541430357292	21	True	0.0004301212183943637	0.0010080966056117899	2.5041080296253995	3.3326462521436984
FAM009_mut0	1.1762785144189656	0.7210542591298669	20	False	0.3490367756641294	0.545948090464792	1.1127650734093573	0.3879222777605291
FAM009_mut1	0.8885093403046967	0.4676055585091056	22	False	0.6316627609840626	0.7873912533042332	0.9115412627925674	-0.33626044134084093
FAM009_mut2	1.3412027250601304	0.6801593096041354	21	False	0.21099872568605615	0.3828605909626019	1.2475289147384967	0.8029606976169238
FAM009_mut3	1.723071797498242	0.7889105735006602	20	False	0.0388702323748249	0.08135630031940094	1.6255662187956252	1.7639496015540028
FAM009_ref	3.4680548912845524	0.6030388605536824	23	True	3.7474878755716645e-10	1.2775526848539766e-09	5.448750460080613	6.155269851659389
FAM010_mut0	1.0503283018813936	0.67122299147467	20	False	0.4717134048289483	0.6592268079907663	1.0197382127606882	0.07096349415351275
FAM010_mut1	1.0739829272114223	0.5141489221527566	21	False	0.44808886381617996	0.6421655691633151	1.0365958020686648	0.13049131169529768
FAM010_mut2	1.2076040955641376	0.4938595833033746	20	False	0.32033781466654165	0.5166738946234543	1.137191030217412	0.46675436462655756
FAM010_mut3	1.3955814280735634	0.4945130081657112	21	False	0.17365831089410322	0.32786757530799204	1.2954487642191244	0.939806894332339
FAM010_ref	2.2382065188582163	0.5804509689736284	21	True	0.0011055515290665507	0.002487490940399739	2.323141529268243	3.060306879452919
FAM011_mut0	1.0566324709808077	0.4315582954203782	20	False	0.46540404006928315	0.6592268079907663	1.02420393005692	0.08682818964822793
FAM011_mut1	1.3023261501447323	0.4984786956632744	20	False	0.2403658419886292	0.42417501527405155	1.2143604240415216	0.7051262307452161
FAM011_mut2	1.6454178956347452	0.5990576556853783	20	False	0.058378697108693256	0.11995622693567107	1.540382272147914	1.5685304293183842
FAM011_mut3	1.8731392218836476	0.6260372577895151	21	True	0.016112828972889348	0.034201759612265126	1.8037629481327873	2.1416003203096143
FAM011_ref	2.39685146145116	0.6370156949037787	20	True	0.0002705461677240395	0.0006510469276781699	2.593179351712753	3.459543268313035
FAM012_mut0	0.9024275809178616	0.5786095366270618	20	False	0.6183822070133559	0.7850116344435819	0.9203778124432203	-0.30123462815785396
FAM012_mut1	1.4716639555980064	0.4842221496133799	20	False	0.12897038859059062	0.2567994463086981	1.3655995468170232	1.1312716397427613
FAM012_mut2	1.2017946877726695	0.5341509198124694	21	False	0.32558595336772544	0.5214009929376386	1.1326210255904334	0.452134755894166
FAM012_mut3	1.055478531517697	0.482797029968301	21	False	0.4665583276399464	0.6592268079907663	1.0233850481957847	0.08392425450421567
FAM012_ref	3.4313910438193034	0.5905479056116612	20	True	6.680125341773646e-10	2.2433256744762245e-09	5.312023661480958	6.063003802553105
FAM013_mut0	1.0075879442977544	0.5499388644440614	20	False	0.5145957707161787	0.6881987897854684	0.989971208938643	-0.03659433745076516
FAM013_mut1	0.6713573969999378	0.755598075388484	22	False	0.8113094705417618	0.8970252131297121	0.7841643315445769	-0.8827320543779699
FAM013_mut2	1.0175628341635692	0.4786567170519308	20	False	0.5045845937505946	0.6850113637674828	0.99683965307332	-0.011492125276732861
FAM013_mut3	1.3452726000567368	0.608490249445699	21	False	0.2080509252600551	0.38213435251846856	1.2510531904186355	0.8132027019960125
FAM013_ref	3.41603952521826	0.6309057026398368	21	True	8.488422187369338e-10	2.829474062456446e-09	5.2557988225206715	6.0243710875757035
FAM014_mut0	0.9185061904474624	0.6439814368261327	20	False	0.6028658923838953	0.7729049902357632	0.9306926503965317	-0.26077215956873423
FAM014_mut1	0.8211221863341429	0.5972151408137507	20	False	0.693516540336861	0.8212695872410196	0.8699429601228913	-0.5058429289200017
FAM014_mut2	1.293198833912292	0.6092964257201868	21	False	0.24756984958084272	0.4324853117001577	1.206701935089287	0.6821569717630778
FAM014_mut3	1.2345472712431802	0.5066089632516714	20	False	0.2964777831547346	0.48869964256274934	1.1586282930528244	0.5345579515970199
FAM014_ref	2.6895923789662484	0.7902579237297254	20	True	1.356927854345713e-05	3.5708627745939815e-05	3.1765548004939195	4.196237579963404
FAM015_mut0	0.7560289666865295	0.5273327699989637	21	False	0.7484603749692933	0.8526763765472962	0.8315641661018497	-0.669652638367036
FAM015_mut1	0.7096992571398028	0.5382628437165953	20	False	0.7841374946343371	0.8734204766966627	0.8052841183520086	-0.7862432187792473
FAM015_mut2	0.8566714644829119	0.5203219472946528	20	False	0.6614346554168585	0.8094288790512244	0.8916454075180155	-0.4163817383977542
FAM015_mut3	1.7029994393119792	0.6775000415377751	20	False	0.043316114369422176	0.08955762976853973	1.6031061626938314	1.7134367035869247
FAM015_ref	3.681420618682611	0.6268609840455581	21	True	1.0990985899184125e-11	4.0875567393659963e-11	6.317225833412223	6.692213299844051
FAM016_mut0	0.5928219961727073	0.5034605549499525	20	False	0.8600111760415922	0.9192518508758111	0.7426181727935027	-1.0803695542659737
FAM016_mut1	1.4612154744511507	0.5396654681686783	20	False	0.13458464421336958	0.26446764146732016	1.3557451445996944	1.1049776160319216
FAM016_mut2	1.2730571963183397	0.5550197133522267	22	False	0.263866717865922	0.44807555864024484	1.1899720808848127	0.6314697293757094
FAM016_mut3	0.5866595096928963	0.6072418840010282	21	False	0.8634338503166439	0.9199872494349275	0.7394528369415587	-1.09587769974094
FAM016_ref	2.9298462839914503	0.7508115192556306	20	True	7.899828587953905e-07	2.249951180113454e-06	3.7521482037977854	4.800846210305393
FAM017_mut0	1.254178062493061	0.5570569373148158	20	False	0.2796237369594533	0.4660395615990889	1.174501529091523	0.583959628580688
FAM017_mut1	0.8073646285803864	0.7477401991863766	20	False	0.7055615893263518	0.8258372022760264	0.8616866022271201	-0.5404643772143677
FAM017_mut2	1.258602530516184	0.554239776608237	21	False	0.27589032602561603	0.4647942854996446	1.178109028156828	0.5950939805953692
FAM017_mut3	0.8341950210050741	0.5203800004730772	21	False	0.6818736527819256	0.8182483833383106	0.8778616831209207	-0.47294461384682995
FAM017_ref	2.4636832712092067	0.5437980752909041	21	True	0.0001429630079431421	0.00034963779116529314	2.7161323881883135	3.6277282098100336
FAM018_mut0	0.8265926714153035	0.5491613737217153	22	False	0.6886672733726115	0.8185373295770855	0.8732479164677192	-0.49207623284120205
FAM018_mut1	0.914922936589633	0.633816660449756	20	False	0.6063389233536596	0.7751139766091212	0.9283839365869637	-0.26978956224913037
FAM018_mut2	0.896731158320697	0.6418110793471623	20	False	0.6238355082562685	0.7850116344435819	0.9167509032084165	-0.3155699050973048
FAM018_mut3	1.258948732133974	0.5554766248081545	20	False	0.2755992338221501	0.4647942854996446	1.1783917713430432	0.5959652109128628
FAM018_ref	4.0675783402265395	0.52480995284806	20	True	8.992806499463768e-15	4.171920540988346e-14	8.256033755408563	7.6639947620191045
FAM019_mut0	1.255730968812501	0.5800654067538442	20	False	0.27831058943195575	0.4655753354809669	1.1757664345348988	0.5878675798905637
FAM019_mut1	0.740162875019256	0.5146981536581016	20	False	0.7610177793513874	0.8590575978992938	0.822469111925302	-0.7095802971945767
FAM019_mut2	1.2940215178737002	0.5796658397571255	21	False	0.24691582639582688	0.4324853117001577	1.2073902423217968	0.6842272890928177
FAM019_mut3	1.0068018391870728	0.6300946112293295	21	False	0.5153844270171175	0.6881987897854684	0.9894319338860247	-0.03857260262911563
FAM019_ref	2.835134545072799	0.4793657223078073	20	True	2.527401021579223e-06	7.02055839327562e-06	3.5137342312880917	4.562500303965568
FAM020_mut0	0.5396794181233694	0.6440974622567857	21	False	0.8876461831414658	0.9224960332878975	0.7157610521024926	-1.2141049927134029
FAM020_mut1	1.327220662050492	0.5700301724672536	20	False	0.22131065080951795	0.3983591714571323	1.235496729045198	0.767774272802201
FAM020_mut2	1.414759244044668	0.564054634168202	21	False	0.16155951631044196	0.30936928655191015	1.3127841932929052	0.98806864077939
FAM020_mut3	0.9852815284566948	0.6775437590713809	21	False	0.5369407028847397	0.7106568126415673	0.9747823658578014	-0.09272933150252541
FAM020_ref	2.5561753210247904	0.5844920155671873	20	True	5.658035770805814e-05	0.0001438483670543851	2.8959683797594766	3.860488179104422
FAM021_mut0	0.846965970019434	0.5470086424439278	23	False	0.6703232775135151	0.8094288790512244	0.8856671406108488	-0.44080600618952887
FAM021_mut1	1.2375201931154576	0.6796517688439205	21	False	0.2938956718746324	0.48622445714553153	1.161018308087444	0.542039429249268
FAM021_mut2	0.6400022712683806	0.5548407421269396	20	False	0.8318843853265887	0.9086115859149634	0.7673053931922035	-0.9616384913858054
FAM021_mut3	0.7241884928543846	0.5165502387616956	21	False	0.7733065345111321	0.8634936489578398	0.8134124748960733	-0.7497804734216782
FAM021_ref	3.6472631429851	0.62280740569171	20	True	1.970823504393593e-11	7.182883320391584e-11	6.169414898819508	6.6062546362575185
FAM022_mut0	0.1601286370738222	0.5494663537990153	20	False	0.9849685181802933	0.9849685181802933	0.5501889866982663	-2.169259822981517
FAM022_mut1	1.0521082183856016	0.6507555046652125	21	False	0.46993123291283867	0.6592268079907663	1.0209970851744095	0.07544272573819583
FAM022_mut2	1.0271069939681383	0.617161231499803	20	False	0.49500292487956243	0.6791198664506192	1.0034561147289862	0.012526137346720805
FAM022_mut3	1.0990441469303174	0.5856595724694486	22	False	0.4232606488345825	0.6224421306390918	1.0547599345478378	0.19355888067966587
FAM022_ref	2.4543108832128073	0.6692881757086754	23	True	0.00015659277082302747	0.00038090133443439115	2.6985443770010993	3.6041422178614644
FAM023_mut0	0.5735861531077161	0.51751499890401	22	False	0.8705041105142481	0.9199872494349275	0.7327823613823701	-1.128777328232344
FAM023_mut1	0.4225247487106215	0.5421379463419339	21	False	0.9343415919857743	0.9481934451235837	0.6599347433070749	-1.5089294377286866
FAM023_mut2	0.913171063311712	0.5580739547461973	21	False	0.6080338527622662	0.7751139766091212	0.9272572785730891	-0.2741982219251735
FAM023_mut3	0.7739664335239022	0.5237963659590865	22	False	0.7338543960517662	0.8406283666828802	0.841967798386582	-0.6245122804810276
FAM023_ref	2.579280475545428	0.5510230633805806	21	True	4.452625058670723e-05	0.00011384552706828552	2.942721485698285	3.918633231219589
FAM024_mut0	0.6276433812340518	0.4903776986647106	20	False	0.8395816949684853	0.9141239409714155	0.7607603229848687	-0.9927401360205469
FAM024_mut1	1.4067323299436392	0.5852933736962562	20	False	0.16655500195322492	0.3175836901650475	1.305500363233472	0.9678685880893549
FAM024_mut2	0.778119494012683	0.5935900939486528	20	False	0.7304124697231648	0.8406281620854837	0.8443950480382086	-0.614060936459852
FAM024_mut3	0.8961742576055028	0.654371625827914	23	False	0.624367336116062	0.7850116344435819	0.9163970926703778	-0.31697136818118155
FAM024_ref	4.091479609258566	0.5892813737476987	21	True	5.662137425588298e-15	2.7105977037390788e-14	8.393951563838272	7.724143268372718
FAM025_mut0	0.6537474094228056	0.4873633080122354	21	False	0.8230492707410525	0.9033467605694478	0.7746507570401712	-0.9270482975134662
FAM025_mut1	0.8159106410058964	0.4463505701898614	20	False	0.6981049823712271	0.8227967316102365	0.8668060752571931	-0.5189579926795098
FAM025_mut2	1.1336068399143775	0.4905885956952699	20	False	0.38953266017379873	0.5902010002633313	1.0803339691594835	0.2805372898915003
FAM025_mut3	1.1294312370165305	0.7290382017173678	20	False	0.39356888816123314	0.5932401634768395	1.0772116712088606	0.2700292169898153
FAM025_ref	2.6545556078893657	0.4740020469212845	20	True	1.9949293419641023e-05	5.1593000223209545e-05	3.10033935339022	4.108066134133304
FAM026_mut0	1.0763007349630394	0.6005533668778741	21	False	0.44578250935829744	0.6409013712818973	1.0382625166285262	0.13632416827240193
FAM026_mut1	1.0093247806308223	0.5027319266875199	22	False	0.5128530997078847	0.6881987897854684	0.99116373634068	-0.0322235188521904
FAM026_mut2	1.0292837522051268	0.5916273149558333	22	False	0.4928178163816388	0.6781896555710626	1.0049712859656517	0.018004037138248413
FAM026_mut3	1.0452484017889911	0.6045781387734253	22	False	0.4768027368538241	0.6622260234080891	1.016153907833782	0.05817972093317986
FAM026_ref	2.3414035362536136	0.4664533641466125	21	True	0.0004500770338501381	0.0010494024105314101	2.4954051450204457	3.3200063308989405
FAM027_mut0	0.2606426889757615	0.6107177870838726	21	False	0.9723373131467572	0.9745028750914048	0.5898881030506843	-1.9163121622798929
FAM027_mut1	0.8909800353850476	0.4291366041297489	20	False	0.6293162029164199	0.7867821929411203	0.9131036651080862	-0.3300428376420919
FAM027_mut2	0.7950054097096156	0.6066340357585616	21	False	0.7161922702482209	0.8285000555570678	0.854336271086211	-0.5715668493792622
FAM027_mut3	0.8960139663773493	0.5962882887161183	21	False	0.6245203669573385	0.7850116344435819	0.9162952816490326	-0.31737474751397354
FAM027_ref	3.5248166136648824	0.6567411525264041	21	True	1.5064538505527025e-10	5.255071571695473e-10	5.66740044239788	6.2981130126087335
FAM028_mut0	1.2062707447049126	0.5530675078947046	21	False	0.32153922149379344	0.5167594631150252	1.1361405142502625	0.4633989334768462
FAM028_mut1	0.5398212898325527	0.5182465400305115	20	False	0.887578009297759	0.9224960332878975	0.715831442056045	-1.2137479668421078
FAM028_mut2	0.9745870084578504	0.4720152432162251	22	False	0.5476168329834058	0.7158133541064053	0.9675831411261318	-0.11964252189578062
FAM028_mut3	0.9762607805236114	0.4463612966343563	20	False	0.5459480106570433	0.7158133541064053	0.968706353867762	-0.1154304070663534
FAM028_ref	2.48057012141837	0.5894642400862107	20	True	0.00012116869731493285	0.000297955813069507	2.748111710035662	3.670224648628298
FAM029_mut0	0.5035045748428364	0.6220895376831257	21	False	0.9040774852188931	0.9352525709160963	0.6980368496200221	-1.3051404430898903
FAM029_mut1	1.0107631148026517	0.4994512508707215	21	False	0.5114097463913024	0.6881987897854684	0.9921523968166374	-0.028603892967180914
FAM029_mut2	1.0919559316203982	0.6732416546286989	22	False	0.4302565284015155	0.6260891582485252	1.0495904226304975	0.17572110131183494
FAM029_mut3	0.5433811958084622	0.6209164692628227	21	False	0.8858576780209597	0.9224960332878975	0.7175999649586973	-1.2047893200471054
FAM029_ref	1.83474242130641	0.6530553636704176	21	True	0.020428748943574826	0.04315932875403132	1.7563896649584974	2.0449732248870327
FAM030_mut0	1.1355316305582948	0.5062147037731506	21	False	0.387676091705202	0.5894077550876775	1.0817762729138494	0.28538110308484593
FAM030_mut1	1.0375583071743006	0.6329040241421925	20	False	0.48451404425854305	0.6688077298047373	1.0107518444515842	0.03882728804889188
FAM030_mut2	1.5711869232492914	0.6435768056818393	20	False	0.08352804732878094	0.1700797343798707	1.4631294856659443	1.38172519700295
FAM030_mut3	1.4153865243297512	0.6410266114386673	20	False	0.16117329135564162	0.30936928655191015	1.313355112766506	0.9896472168860508
FAM030_ref	3.3527175258880058	0.5009578036427936	22	True	2.2454100800928245e-09	7.321989391607037e-09	5.030103394014471	5.865018725408831
FAM031_mut0	0.7368359515861187	0.4642814937974343	20	False	0.7636067536882611	0.8590575978992938	0.8205746442115338	-0.7179526340352655
FAM031_mut1	0.572799575354079	0.4740580925109112	21	False	0.870921262798398	0.9199872494349275	0.7323829469615353	-1.1307567828357317
FAM031_mut2	1.2284943345910018	0.6105369584561031	20	False	0.30176688950909303	0.4938003646512431	1.1537773633609252	0.5193254926763771
FAM031_mut3	0.8704230972244963	0.5332520635757925	21	False	0.6486859425007395	0.7997497921241994	0.9001851224689247	-0.3817752006352016
FAM031_ref	2.769614844405687	0.6006131551676979	20	True	5.472285945606892e-06	1.4924416215291524e-05	3.3577280166040206	4.3976173378526795
FAM032_mut0	1.3067834598179566	0.5432477425025897	20	False	0.2368897197588462	0.4213453513497265	1.2181180793433002	0.7163432300953643
FAM032_mut1	0.9284950277363692	0.5196394777639963	20	False	0.5931419850751023	0.7647962558274958	0.9371588785110123	-0.23563484814263536
FAM032_mut2	1.0476424868729184	0.68979016941579	21	False	0.4744036842192817	0.6609339253829002	1.0178415677249304	0.06420453248978535
FAM032_mut3	1.3578645225835306	0.5090135813389451	20	False	0.19908591072966964	0.3694662782520362	1.26202024312116	0.8448907822854823
FAM032_ref	2.1294487967666065	0.4561126489416438	21	True	0.002663096557398492	0.005845821711362544	2.1544495651221807	2.786613690632429
FAM033_mut0	0.6081831270890745	0.5588527695248754	21	False	0.8512275387259309	0.9163932833173898	0.7505674630767387	-1.0417126495098386
FAM033_mut1	0.4941355927910839	0.5197141165581257	20	False	0.9080294654699991	0.9371863749116963	0.6935184274219385	-1.328717863841551
FAM033_mut2	1.3421681070565172	0.4224734708099331	20	False	0.2102972955762783	0.3828605909626019	1.2483639803301887	0.8053901203001099
FAM033_mut3	0.59369547305509	0.3628578048480973	21	False	0.8595213668896269	0.9192518508758111	0.743067925646685	-1.0781714145044685
FAM033_ref	3.334735129322548	0.7984111695695233	21	True	2.9465158091213084e-09	9.53907995758697e-09	4.967795060615984	5.819765300052155
FAM034_mut0	0.5739489890269797	0.5516649765394872	21	False	0.8703113702780229	0.9199872494349275	0.7329666783663378	-1.1278642370250989
FAM034_mut1	1.280766207778589	0.6705358574783615	21	False	0.25756527944700225	0.4432656355471274	1.1963476911758226	0.6508697672638892
FAM034_mut2	1.0560747418975698	0.6022917841093206	20	False	0.46596190166269225	0.6592268079907663	1.023808061282234	0.08542464194279938
FAM034_mut3	0.8597394682988193	0.4160717412131217	21	False	0.6586057647298493	0.8094288790512244	0.8935435787887349	-0.4086609832040969
FAM034_ref	2.9638332622376637	0.584676085560692	20	True	5.135453142735003e-07	1.5006194248251632e-06	3.8415906340839903	4.886375810187444
FAM035_mut0	1.5424783325232143	0.6458978997534823	20	False	0.0951860950079837	0.19294478717834532	1.4343020381883853	1.3094788719489558
FAM035_mut1	0.5480446412563562	0.4143343741625389	21	False	0.8835758035156273	0.9224960332878975	0.7199233269391019	-1.1930535717160635
FAM035_mut2	1.4869769413373672	0.436768803342213	20	False	0.12103924549016565	0.2420784909803313	1.3801714264686498	1.1698073852214879
FAM035_mut3	1.3664951757492183	0.5512813029014291	21	False	0.19307782003713125	0.3605187511066766	1.2695926708445022	0.86661016865265
FAM035_ref	2.31359983610071	0.4993748832665757	22	True	0.0005769495675326253	0.0013179051035009208	2.447774005623929	3.2500371994247903
FAM036_mut0	1.1862089907573892	0.6474337454662091	22	False	0.339835280102351	0.5384713945283731	1.1204509705998622	0.41291272150373487
FAM036_mut1	0.8257793609242848	0.4154692852102862	20	False	0.6893903286882564	0.8185373295770855	0.8727557670406749	-0.49412296145510726
FAM036_mut2	1.120800925276746	0.6386787744129441	20	False	0.4019470143387114	0.6009174632970768	1.0707869446158975	0.24831068983468677
FAM036_mut3	0.6115172210531524	0.5561839500434661	21	False	0.849273445085229	0.9163932833173898	0.7523040437287506	-1.0333222677391816
FAM036_ref	3.79134987216452	0.4906692836436105	21	True	1.5976109324356003e-12	6.251521039965393e-12	6.817394177928378	6.968854694601993
FAM037_mut0	0.8908648019821263	0.4888128965723769	20	False	0.6294257543528963	0.7867821929411203	0.9130307350448901	-0.3303328271425855
FAM037_mut1	0.8540537571304428	0.6683147938724237	20	False	0.6638411716104116	0.8094288790512244	0.8900290226120889	-0.42296930440150526
FAM037_mut2	0.4407287800366126	0.6520192780151984	22	False	0.9282824888509509	0.9478069664879607	0.6683146057400783	-1.4631182595688326
FAM037_mut3	0.8066154282814866	0.5916566370557913	20	False	0.7062112121849442	0.8258372022760264	0.8612392393091548	-0.5423497699472021
FAM037_ref	2.76851178806357	0.5636347672197706	24	True	5.542681586034881e-06	1.5025341648889739e-05	3.355161744781272	4.394841452132415
FAM038_mut0	1.257508948903846	0.7751865746513176	21	False	0.2768108189197883	0.4647942854996446	1.177216344560384	0.5923419384142711
FAM038_mut1	0.4508351140025506	0.666995905003913	22	False	0.9247383118201894	0.9478069664879607	0.6730127040669751	-1.4376852630217694
FAM038_mut2	0.6605198282642403	0.4710102809321598	20	False	0.8185901249000793	0.9006492816749039	0.7782957355264807	-0.9100052326800661
FAM038_mut3	0.3902845785556204	0.5541113199378828	22	False	0.944089711540605	0.9546974611084769	0.6453506247185076	-1.5900631246810928
FAM038_ref	2.0562732688988774	0.6724307687275459	21	True	0.004627819486767049	0.010012109466563326	2.0478979111946387	2.6024645269631903
FAM039_mut0	0.6637272640088323	0.6424528066008985	22	False	0.8164539270742068	0.9005006548612576	0.7800279869756093	-0.9019335914210226
FAM039_mut1	1.1807780724673742	0.736921226486359	23	False	0.3448561244401718	0.5426057902030675	1.1162410451172788	0.3992455968487547
FAM039_mut2	1.09154525817793	0.5492936517979443	21	False	0.43066254601799725	0.6260891582485252	1.04929169174386	0.1746876250503668
FAM039_mut3	1.3743218342452792	0.5661758269775089	20	False	0.18772625562445255	0.35198672929584857	1.276498960900013	0.8863062700457219
FAM039_ref	3.225374784296065	0.4924275153751315	21	True	1.473508526306233e-08	4.6369149429217125e-08	4.605140949068079	5.5445555863401
FAM040_mut0	1.462169632158088	0.457048611524455	20	False	0.1340650955732703	0.26446764146732016	1.356642092679143	1.1073787923385503
FAM040_mut1	0.7431248875606221	0.5432710412456522	22	False	0.7586997906284729	0.8590575978992938	0.8241594666604467	-0.7021262733130366
FAM040_mut2	1.398899814308299	0.6299980267782717	20	False	0.1715245769179583	0.32567957642650314	1.2984318943447128	0.9481577469693384
FAM040_mut3	1.2902869904112366	0.5821821736634112	20	False	0.2498921430615374	0.43417553813780624	1.2042688612024928	0.6748292002924804
FAM040_ref	2.718223595483461	0.6626593952779107	20	True	9.848892921326957e-06	2.6380963182125778e-05	3.2402252870535664	4.268289189703862
FAM041_mut0	0.815502517342425	0.5209401308079545	20	False	0.698463003278023	0.8227967316102365	0.8665608993693383	-0.5199850523194175
FAM041_mut1	1.19235135172828	0.6856617070583663	22	False	0.3341908011241542	0.5313988003740968	1.1252315275791462	0.428370220324771
FAM041_mut2	1.3229809116498603	0.6648737734240937	22	False	0.2244935482400442	0.40088133614293603	1.231871216926496	0.7571047701256516
FAM041_mut3	0.6253340679934983	0.667014199386439	22	False	0.8409940256937023	0.9141239409714155	0.7595435526278357	-0.9985516158183683
FAM041_ref	2.4145153220234112	0.488656736145816	21	True	0.00022916690854735133	0.0005544360690661725	2.625124509125651	3.5039950850109594
FAM042_mut0	1.3305114105132256	0.407408670566571	20	False	0.21885808663849982	0.39552666259969843	1.2383180802387812	0.7760555738726026
FAM042_mut1	0.8347213634140527	0.4980604512705439	20	False	0.6814009942856292	0.8182483833383106	0.8781820142489476	-0.47162005197155044
FAM042_mut2	0.6038248781633453	0.604387909527563	21	False	0.8537562431878135	0.9169219795573176	0.7483034892067972	-1.0526803584983697
FAM042_mut3	0.8012498372174288	0.4883870933159157	20	False	0.71084415252312	0.8258372022760264	0.8580421152538714	-0.5558524960064305
FAM042_ref	3.0914118886153883	0.5611977358112189	21	True	9.573569459409015e-08	2.8720708378227044e-07	4.1967787789346795	5.207432562821942
FAM043_mut0	1.1737980676142294	0.6912941118146647	22	False	0.3513493188423491	0.5470837144604052	1.1108535237992916	0.38168013345452767
FAM043_mut1	0.5586679117003759	0.5238473550048652	20	False	0.8782573911347673	0.9224960332878975	0.7252440405961538	-1.1663196836977294
FAM043_mut2	1.111977652233033	0.5038094167403607	20	False	0.4105592682541186	0.6097414875061167	1.064258181828094	0.22610656778500307
FAM043_mut3	1.1758812466174762	0.5680157707680139	20	False	0.3494067778974669	0.545948090464792	1.1124586989763563	0.3869225373346148
FAM043_ref	2.6213773822747326	0.541061252080405	20	True	2.8539539809080416e-05	7.33873880804925e-05	3.0298532342128146	4.024571792828272
FAM044_mut0	0.980290058786645	0.494686846507702	20	False	0.541927375697414	0.7130623364439658	0.9714156188160875	-0.10529056600269233
FAM044_mut1	1.0253409497828074	0.6322248893891275	20	False	0.49677585698858306	0.6794806554555087	1.0022285069806172	0.00808181601132219
FAM044_mut2	0.6998068738791181	0.5249859804462189	20	False	0.7913567296956852	0.8771195279878283	0.7997812714806157	-0.8111377997577881
FAM044_mut3	1.016764360891807	0.490555141204238	22	False	0.5053861617128984	0.6850113637674828	0.9962880953467765	-0.01350151543067902
FAM044_ref	2.3206511344791165	0.4203596599999757	21	True	0.0005419689623424873	0.001244316495174078	2.45976700000833	3.267782075847314
FAM045_mut0	0.4819406138509751	0.3503650084969859	20	False	0.912991176017089	0.9401510965851031	0.6876808818149663	-1.3594070196047223
FAM045_mut1	0.7600773759659286	0.3823864121500854	20	False	0.7452012816181914	0.8511182150461577	0.8339009315791104	-0.6594646533300206
FAM045_mut2	1.1660748030327426	0.667605623730158	21	False	0.35858476609366785	0.5545125248871153	1.1049226153184801	0.3622442270125836
FAM045_mut3	1.106438895446798	0.455924353836889	20	False	0.4159879606978887	0.6157716523488483	1.0601801430179334	0.2121680632101386
FAM045_ref	3.188577708344204	0.7379217220284987	20	True	2.4909635576442213e-08	7.775947196487048e-08	4.4891684655565065	5.451954262380305
FAM046_mut0	0.3802010008987951	0.5796783361006334	21	False	0.9468921540740973	0.9553844603886632	0.6408557354490152	-1.615438854059563
FAM046_mut1	1.0952237504450797	0.6438305282299611	20	False	0.42702841914815903	0.625937422204142	1.0519705228207399	0.18394469902438496
FAM046_mut2	1.3948450070736906	0.5097640767868404	20	False	0.17413411221913355	0.32786757530799204	1.2947876735478714	0.937953661220305
FAM046_mut3	0.7321112283923603	0.6156288979187812	21	False	0.767256796210789	0.8604487801613184	0.8178917164692818	-0.7298425902822769
FAM046_ref	2.956448192717964	0.598865572148202	21	True	5.642629691271495e-07	1.63818281359495e-06	3.8219760075589595	4.867790985242278
FAM047_mut0	1.2438605736105977	0.5434939268638773	21	False	0.2884238131225514	0.47893253101530675	1.1661319995652153	0.557995252180061
FAM047_mut1	1.090662863729028	0.6420860873657854	21	False	0.4315351841456154	0.6260891582485252	1.0486501105051897	0.17246704387348258
FAM047_mut2	1.4656268709562308	0.4916023046740597	21	False	0.1321941445105339	0.2620588767829967	1.359897014765353	1.1160790730448766
FAM047_mut3	0.9831581503914838	0.582294056990984	20	False	0.5390627959658623	0.7113731911572962	0.9733487232795541	-0.09807289794141755
FAM047_ref	1.8996249566199703	0.5909734246332069	21	True	0.013613329936189467	0.02903316811035668	1.8371831867945505	2.2082527387202515
FAM048_mut0	0.8463034603495738	0.5537821650322433	20	False	0.6709266041913482	0.8094288790512244	0.8852605208310417	-0.44247323846215497
FAM048_mut1	0.8052154184067237	0.5412232308569161	20	False	0.7074233636625336	0.8258372022760264	0.8604038870274093	-0.5458729511947945
FAM048_mut2	0.418737252627176	0.4661852878571146	21	False	0.9355508658552693	0.9481934451235837	0.6582044939509528	-1.5184608241975035
FAM048_mut3	0.2710167500346487	0.536808947330912	20	False	0.9706347539338649	0.9745028750914048	0.5941451288838144	-1.8902054197183515
FAM048_ref	4.154929955105784	0.5958688382808347	20	True	1.5543122344752192e-15	7.858882084425265e-15	8.771359600159835	7.8838186197198175
FAM049_mut0	0.8280028615113993	0.5875270467178282	21	False	0.6874118502128959	0.8185373295770855	0.8741019067945551	-0.48852743265652687
FAM049_mut1	1.08948840632145	0.6573181680471053	20	False	0.43269717381175854	0.6260891582485252	1.0477967813621667	0.16951147449567672
FAM049_mut2	1.2777160075827607	0.5211983062139357	20	False	0.2600491728543147	0.4432656355471274	1.1938209997799003	0.6431938155973588
FAM049_mut3	1.4294676498211547	0.5868456178105762	21	False	0.15266202807833817	0.29484082676073897	1.3262366040360336	1.0250829364267513
FAM049_ref	3.2445223888164754	0.7194435509407365	20	True	1.117560977093035e-08	3.5415664767032806e-08	4.666668272989067	5.592741304454447
NEGCTRL000	0.8567797846152921	0.6676022714903201	21	False				
NEGCTRL001	1.806234382163689	0.6857884237389169	21	False				
NEGCTRL002	0.7043419875710968	0.7473699046121143	21	False				
NEGCTRL003	0.861607009687148	0.6897914909454685	20	False				
NEGCTRL004	0.5872520795292068	0.7265990994066736	20	False				
NEGCTRL005	0.940712779933405	0.5389130230763893	22	False				
NEGCTRL006	1.2772828292467533	0.5389152173090174	21	False				
NEGCTRL007	0.919001175826504	0.598925100923174	21	False				
NEGCTRL008	1.520101046914633	0.4417173818259176	22	False				
NEGCTRL009	1.300534002569903	0.5004731877459231	22	False				
NEGCTRL010	1.2344226516484804	0.6252489691574088	20	False				
NEGCTRL011	1.5184425315708423	0.393371246193525	20	False				
NEGCTRL012	0.5617377692762614	0.5871218158233633	20	False				
NEGCTRL013	0.9212901999697758	0.6508942085654242	21	False				
NEGCTRL014	0.5732913540469212	0.4999914390576889	21	False				
NEGCTRL015	0.7183636160374208	0.5603675403983148	20	False				
NEGCTRL016	0.7681435988657355	0.6912512777107113	20	False				
NEGCTRL017	1.4526184313649435	0.4887358948616009	20	False				
NEGCTRL018	1.358995460919251	0.5440736636360889	20	False				
NEGCTRL019	0.501285622034781	0.602319026599302	23	False				
NEGCTRL020	1.4666226913889455	0.541287724886632	21	False				
NEGCTRL021	0.8649994397192262	0.424277309170145	21	False				
NEGCTRL022	1.0967746819225008	0.678848849292164	20	False				
NEGCTRL023	0.8981262372549786	0.6458242656494286	20	False				
NEGCTRL024	1.147225953183178	0.4979425461853651	21	False				
NEGCTRL025	0.9818981096574771	0.5013327310182117	21	False				
NEGCTRL026	1.3316352947819712	0.7407012059893621	21	False				
NEGCTRL027	0.997640167837748	0.6833849570404625	20	False				
NEGCTRL028	1.0650382966948928	0.458368280958414	21	False				
NEGCTRL029	0.8025530899977351	0.4696579982157711	21	False				
NEGCTRL030	0.9329835523437112	0.536895530992114	20	False				
NEGCTRL031	1.702403782596758	0.6586499120024046	21	False				
NEGCTRL032	1.8289714026428991	0.3776966265658019	20	False				
NEGCTRL033	0.91368493345055	0.574804165268244	20	False				
NEGCTRL034	0.7346511296096037	0.5169329027747137	21	False				
NEGCTRL035	0.8856858819775539	0.5209937769721568	20	False				
NEGCTRL036	1.3155670254946157	0.3765114556992323	21	False				
NEGCTRL037	1.0942282322145456	0.6525254141906942	20	False				
NEGCTRL038	1.226287726036973	0.7580338503408367	21	False				
NEGCTRL039	0.8597358890878978	0.5590795701939726	21	False				
NEGCTRL040	0.8856375091972787	0.6025739856606823	20	False				
NEGCTRL041	1.3575567948743126	0.6543914760457442	20	False				
NEGCTRL042	1.3049114241848334	0.6476768276502172	22	False				
NEGCTRL043	0.731279473328976	0.4316249983538538	20	False				
NEGCTRL044	1.5036083885889198	0.4814114541413924	21	False				
NEGCTRL045	1.3007906582291826	0.5960039259091706	20	False				
NEGCTRL046	0.4056832250665083	0.544970765711583	20	False				
NEGCTRL047	0.8040637564277472	0.4913579034335556	20	False				
NEGCTRL048	1.1901730925115497	0.5198559168423605	21	False				
NEGCTRL049	1.3874865605576203	0.6178176516895468	21	False				
NEGCTRL050	1.361828747070587	0.5353942669159155	20	False				
NEGCTRL051	0.6959176273576386	0.771281336310806	20	False				
NEGCTRL052	0.8431446776002045	0.6256860670824149	20	False				
NEGCTRL053	1.4775486441118222	0.3835840980596198	20	False				
NEGCTRL054	1.290853614317815	0.7008716704721418	20	False				
NEGCTRL055	0.7743989486130315	0.5341761253766389	21	False				
NEGCTRL056	0.9638756719779112	0.5503711389083197	20	False				
NEGCTRL057	1.4268074362408287	0.4387308943105086	21	False				
NEGCTRL058	1.0627777381137882	0.5208301095742197	21	False				
NEGCTRL059	0.7760160857162269	0.5560629364066906	20	False				
NEGCTRL060	1.3543473261767438	0.522926178802119	20	False				
NEGCTRL061	0.5619659542973925	0.7564616697141789	21	False				
NEGCTRL062	0.8684343285526928	0.5769303690738076	20	False				
NEGCTRL063	0.9970711149847336	0.43277224662016	21	False				
NEGCTRL064	1.0891322821463536	0.5969534044522715	21	False				
NEGCTRL065	0.9291391982413904	0.5181176560329132	21	False				
NEGCTRL066	1.2973093373230706	0.5397710831743711	21	False				
NEGCTRL067	0.2559679485954279	0.5566901495297292	21	False				
NEGCTRL068	1.2029066013810288	0.6297058023687171	20	False				
NEGCTRL069	1.368724766936483	0.7390056160574452	20	False				
NEGCTRL070	0.3042824935665523	0.5966999995173435	21	False				
NEGCTRL071	0.4327844927462012	0.5027107686746843	20	False				
NEGCTRL072	0.926821594359274	0.5545074244226662	21	False				
NEGCTRL073	0.7316406881369266	0.4165938410823189	22	False				
NEGCTRL074	0.8498783334478466	0.5737666258988013	20	False				
NEGCTRL075	1.540346953518414	0.520482674152379	20	False				
NEGCTRL076	1.0469624031254907	0.4339679917946857	20	False				
NEGCTRL077	0.7300254590484673	0.4500712077181963	20	False				
NEGCTRL078	1.1414864877877473	0.5483592179686884	21	False				
NEGCTRL079	0.8562561404053847	0.493208115170267	20	False				
NEGCTRL080	0.9903465426592388	0.5065816712079537	22	False				
NEGCTRL081	1.3055581233682538	0.5916636039805925	20	False				
NEGCTRL082	0.5440297968191209	0.5466707462805249	20	False				
NEGCTRL083	1.3363199980395146	0.5300826979226225	20	False				
NEGCTRL084	0.037752739296786	0.639224920183419	21	False				
NEGCTRL085	0.5683361821337471	0.6820118186727331	21	False				
NEGCTRL086	1.260592757572234	0.4510130415981659	20	False				
NEGCTRL087	1.1630391558590905	0.737914696992326	20	False				
NEGCTRL088	0.9799883044958676	0.5085475687727182	20	False				
NEGCTRL089	0.801099930679604	0.4047215318721287	21	False				
NEGCTRL090	0.7643888438855276	0.6327785499620286	20	False				
NEGCTRL091	1.0093009972702054	0.6662306193839104	20	False				
NEGCTRL092	0.7868303720470154	0.5174070327972436	20	False				
NEGCTRL093	1.4155755635064329	0.6497105872756314	20	False				
NEGCTRL094	0.6940471269220058	0.6120247161618585	21	False				
NEGCTRL095	1.1079425115206485	0.6658129547769339	20	False				
NEGCTRL096	0.5511147302374833	0.6750163899726088	22	False				
NEGCTRL097	1.1477790091477127	0.4869354137592308	22	False				
NEGCTRL098	1.1535897939725346	0.4755082192065656	21	False				
NEGCTRL099	1.2894505912909804	0.5919966790512272	20	False				
NEGCTRL100	1.6003233003988355	0.4060091248690661	20	False				
NEGCTRL101	1.5225162042182243	0.6233351417036166	21	False				
NEGCTRL102	1.4236849016488065	0.5123979671995438	20	False				
NEGCTRL103	1.0349579445042942	0.644463236289378	20	False				
NEGCTRL104	0.3273824223858132	0.6279780778234727	22	False				
NEGCTRL105	0.7823412544103643	0.5302401052598196	20	False				
NEGCTRL106	1.344743903139126	0.4602487997195343	21	False				
NEGCTRL107	0.6888149028118415	0.5154743924015571	20	False				
NEGCTRL108	1.503468511048457	0.6360980064663829	20	False				
NEGCTRL109	1.1675145121429256	0.5952936795356151	21	False				
NEGCTRL110	1.0891047697330758	0.5806998775997176	21	False				
NEGCTRL111	1.173826766190649	0.5722533591294158	21	False				
NEGCTRL112	0.6533507937360696	0.5340732277583204	20	False				
NEGCTRL113	0.6924510444858089	0.3434868700366423	22	False				
NEGCTRL114	0.5458527229152174	0.5672614722332248	20	False				
NEGCTRL115	1.2994194356988715	0.4375234679772351	21	False				
NEGCTRL116	0.991787465731058	0.5536056022473037	20	False				
NEGCTRL117	1.6455234500707665	0.5111929348556028	21	False				
NEGCTRL118	0.744859675527935	0.6550740242661911	20	False				
NEGCTRL119	0.6029353788454507	0.7487776121958747	20	False				
NEGCTRL120	1.6335941757388943	0.5033410229136837	20	False				
NEGCTRL121	1.479696712002543	0.4890074175206045	20	False				
NEGCTRL122	3.3687262485652303	0.5536205921259202	21	False				
NEGCTRL123	0.9399098805812705	0.5188219723613515	20	False				
NEGCTRL124	0.4963615220014213	0.5483983653305261	20	False				
NEGCTRL125	1.3474155482940298	0.656350584915764	20	False				
NEGCTRL126	2.1932545293682058	0.6287195393796827	20	False				
NEGCTRL127	1.3461821276088854	0.4790578782685282	20	False				
NEGCTRL128	0.9347864233345778	0.474427580205598	20	False				
NEGCTRL129	0.8579784720181559	0.6621493118452937	20	False				
NEGCTRL130	0.7636324120407966	0.657362203065437	20	False				
NEGCTRL131	0.9426082533574832	0.4244645275757999	20	False				
NEGCTRL132	0.599740756684877	0.6721598183571222	20	False				
NEGCTRL133	1.4745677354225672	0.5973539857795847	21	False				
NEGCTRL134	0.8822961242043217	0.5756030557279399	22	False				
NEGCTRL135	1.5509663543169347	0.4814090538319054	20	False				
NEGCTRL136	1.0710967047336597	0.6419338081099153	20	False				
NEGCTRL137	1.148302820360919	0.6856451922761552	20	False				
NEGCTRL138	0.8581756773693504	0.4879106293898768	21	False				
NEGCTRL139	0.909841750626901	0.5703039971381546	21	False				
NEGCTRL140	0.9573037756637178	0.3993975346892384	20	False				
NEGCTRL141	0.7035453383155481	0.632715958281169	22	False				
NEGCTRL142	1.3918072046533654	0.4886565264364921	21	False				
NEGCTRL143	1.1139074688096826	0.6672482160524841	21	False				
NEGCTRL144	1.118297996276531	0.5555418379800368	20	False				
NEGCTRL145	1.1880993574351446	0.4796586746132343	20	False				
NEGCTRL146	1.1679842776423106	0.4738590968314546	20	False				
NEGCTRL147	1.0554560860263622	0.4226637462017961	20	False				
NEGCTRL148	1.1496127633799729	0.5139913920498771	20	False				
NEGCTRL149	1.6777593290002917	0.5951564955202118	21	False				
POSCTRL000	5.028711701260772	0.4254799654063451	20	True	0.0	0.0	16.07316605227412	10.082725583189072
POSCTRL001	5.293780290396763	0.4851478251773758	20	True	0.0	0.0	19.31501401808564	10.749781365726232
POSCTRL002	4.553871477886559	0.4561729368856508	20	True	0.0	0.0	11.565389966038095	8.887771032687796
POSCTRL003	4.468771979516019	0.4184206555359531	21	True	0.0	0.0	10.902918844146924	8.673614716905103
POSCTRL004	5.119038342677915	0.676177715152569	21	True	0.0	0.0	17.111672508760204	10.310036215017854
POSCTRL005	4.83050580767321	0.5655387602317121	20	True	0.0	0.0	14.009915379932401	9.583932467484605
POSCTRL006	5.2762791125360735	0.328043020045457	20	True	0.0	0.0	19.08212112260334	10.705738946625436
POSCTRL007	5.126391162348383	0.642681158046359	22	True	0.0	0.0	17.199106240651492	10.328539881918282
POSCTRL008	5.2863716077085465	0.6522251607030723	23	True	0.0	0.0	19.216079727829232	10.731137117291265
POSCTRL009	3.8830876695935426	0.591278801344541	20	True	3.0164759579065503e-13	1.2453341110623373e-12	7.264976840022462	7.19971655738143
POSCTRL010	4.2846846073456515	0.5704590093600509	21	True	1.1102230246251565e-16	6.245004513516506e-16	9.59681136919132	8.210351429095041
POSCTRL011	5.1473759604739895	0.5526775917046747	21	True	0.0	0.0	17.451105051411922	10.381348971749288
POSCTRL012	4.712413323645685	0.5642555367868245	21	True	0.0	0.0	12.908807728083932	9.286747974212478
POSCTRL013	5.585700199156156	0.659630191928779	20	True	0.0	0.0	23.646761795225416	11.484409575769522
POSCTRL014	4.577285032805576	0.5001862405829044	24	True	0.0	0.0	11.754616466511019	8.946692186829033
POSCTRL015	5.325331990544551	0.5030823607007786	21	True	0.0	0.0	19.742085836097026	10.829182490171283
POSCTRL016	4.82010218160123	0.7267093300304898	21	True	0.0	0.0	13.909249858652244	9.557751323376626
POSCTRL017	4.721292796133919	0.5794149316404965	20	True	0.0	0.0	12.988503620566338	9.309093524428226
POSCTRL018	4.397607327437816	0.6134169674708834	20	True	0.0	0.0	10.378153371005304	8.494526003165975
POSCTRL019	4.04030490849907	0.4650708478111153	20	True	1.532107773982716e-14	6.826222755368536e-14	8.101423565114166	7.595360072398798
POSCTRL020	3.962534996084529	0.6276026935221934	20	True	6.827871601444713e-14	2.898624736462378e-13	7.67627036382794	7.399648954938129
POSCTRL021	5.51540905115429	0.5718715174000194	20	True	0.0	0.0	22.522258176905265	11.30751907022658
POSCTRL022	4.192063978711561	0.5474102360743331	20	True	7.771561172376096e-16	3.9740937813286855e-15	9.000059304092304	7.977267886024233
POSCTRL023	4.430097860395397	0.4993194278267613	20	True	0.0	0.0	10.614528550231297	8.576289738196643
POSCTRL024	4.242832408091157	0.5516525466734125	21	True	2.220446049250313e-16	1.218537466052001e-15	9.322409826440373	8.10502868370447
POSCTRL025	5.336468736486421	0.4345815793037314	20	True	0.0	0.0	19.89507269746232	10.857208559964715
POSCTRL026	4.818655893133434	0.5929894810631019	21	True	0.0	0.0	13.895312950977324	9.554111680185384
POSCTRL027	5.610321725720968	0.7121610547143034	21	True	0.0	0.0	24.053788864934198	11.546370639219118
POSCTRL028	5.875058540987601	0.6988855113957224	21	True	0.0	0.0	28.8986274929574	12.21259149944892
POSCTRL029	5.463203447945266	0.7242043004504118	20	True	0.0	0.0	21.721833479744195	11.176141566709731
POSCTRL030	4.730791134013695	0.8408921518705478	20	True	0.0	0.0	13.074298747664287	9.332996474332056
POSCTRL031	5.186147599188427	0.540128286778849	20	True	0.0	0.0	17.926452681982102	10.478919362444048
POSCTRL032	4.4918252098121485	0.5559968465855045	20	True	0.0	0.0	11.078539060017736	8.73162909961759
POSCTRL033	4.024808536325822	0.4306751571227635	21	True	2.0761170560490427e-14	9.118919211969732e-14	8.01486969538215	7.5563628275716885
POSCTRL034	4.139423089490594	0.4582162802100773	20	True	2.220446049250313e-15	1.0980227716072977e-14	8.677585161043751	7.844794967723345
POSCTRL035	4.057146434836554	0.6875496303309302	22	True	1.1102230246251565e-14	5.0979628681767394e-14	8.196550962952003	7.637742451868163
POSCTRL036	5.309538452802082	0.5640853752278143	21	True	0.0	0.0	19.527143025318484	10.789437416218263
POSCTRL037	3.862256352185959	0.5967580738587187	22	True	4.425348976155874e-13	1.8103700357001302e-12	7.160830316242728	7.147293707960118
POSCTRL038	4.413976063676389	0.5546222950600957	23	True	0.0	0.0	10.496573837064021	8.535718587305636
POSCTRL039	4.256749561899706	0.3758855179615707	21	True	2.220446049250313e-16	1.218537466052001e-15	9.412774878586077	8.140051761899862
POSCTRL040	5.814233021527643	0.6301691191907738	20	True	0.0	0.0	27.70555861485248	12.059521629443406
POSCTRL041	5.3887974287374245	0.6675183412028248	20	True	0.0	0.0	20.629943398416042	10.988895822014202
POSCTRL042	4.223664714414298	0.7106741134409725	21	True	4.440892098500626e-16	2.32372260968056e-15	9.199371141317052	8.056792410418652
POSCTRL043	5.38241604066214	0.723280822797798	21	True	0.0	0.0	20.538893699640262	10.972836801856035
POSCTRL044	5.287051973055098	0.6714075486194089	20	True	0.0	0.0	19.225144039864894	10.73284928409358
POSCTRL045	3.9973412056559248	0.7947905264967036	20	True	3.519406988061746e-14	1.508317280597891e-13	7.863718809454253	7.487240183451773
POSCTRL046	5.397212218412469	0.5735282105617909	23	True	0.0	0.0	20.750623017455137	11.01007197921136
POSCTRL047	5.314813159133182	0.812537316276677	20	True	0.0	0.0	19.598667819689652	10.802711427185818
POSCTRL048	5.919244257864902	0.4936555388841907	21	True	0.0	0.0	29.79740494902441	12.323786635940298
POSCTRL049	4.986512343371023	0.6165525348661434	22	True	0.0	0.0	15.609829480334122	9.976529199108006
POSCTRL050	5.075016730245946	0.6482539995506743	20	True	0.0	0.0	16.59742191459974	10.19925405397391
POSCTRL051	4.372872773612071	0.6343484160357088	20	True	0.0	0.0	10.201739786649263	8.43228050206107
POSCTRL052	5.855453887332308	0.3958275907680906	21	True	0.0	0.0	28.508582776493554	12.163255598774954
POSCTRL053	4.532723538176944	0.5314494755416955	20	True	0.0	0.0	11.397093649063333	8.834551390488667
POSCTRL054	3.647010876540088	0.557057564629303	20	True	1.9792834038412366e-11	7.182883320391584e-11	6.168336222966749	6.605619797586389
POSCTRL055	4.270444323870101	0.5356099877365292	20	True	1.1102230246251565e-16	6.245004513516506e-16	9.502550933867093	8.174515182075742
POSCTRL056	3.847619360710699	0.6622007617541101	20	True	5.78315173527244e-13	2.3445209737590974e-12	7.088546771893417	7.110459129278635
POSCTRL057	3.590660625894348	0.697362510959641	21	True	5.1048831828381935e-11	1.808816875808809e-10	5.932051632340036	6.463812121832795
POSCTRL058	4.086604109882552	0.4899054117831656	20	True	6.217248937900877e-15	2.945012654795152e-14	8.36563259758435	7.71187387778922
POSCTRL059	4.052774602385762	0.5826187796018686	20	True	1.199040866595169e-14	5.395683899678261e-14	8.171750359187406	7.6267405593916155
POSCTRL060	4.598893562977816	0.506475211671658	20	True	0.0	0.0	11.932000946304601	9.001070923481706
POSCTRL061	4.4953869544106295	0.6996299233941382	21	True	0.0	0.0	11.105923693640962	8.74059237338036
POSCTRL062	5.673763013203166	0.6128984743344476	20	True	0.0	0.0	25.135135169099517	11.70602319482574
POSCTRL063	5.295415724487337	0.831678859398616	21	True	0.0	0.0	19.33692186591577	10.753897001496702
POSCTRL064	3.626103076106882	0.6457929877595298	20	True	2.81954459779854e-11	1.0150360552074744e-10	6.07958819567975	6.55300447555007
POSCTRL065	5.273499915062086	0.532800722433417	20	True	0.0	0.0	19.045396844134878	10.698744984225444
POSCTRL066	4.222848404654113	0.5306779292765019	21	True	4.440892098500626e-16	2.32372260968056e-15	9.19416739963597	8.054738134023067
POSCTRL067	3.72566909007641	0.4692839398072788	21	True	5.1030291103870695e-12	1.9627035039950266e-11	6.513981485408092	6.8035663606041865
POSCTRL068	4.023453715226584	0.6762110139744548	20	True	2.1316282072803006e-14	9.223391281501301e-14	8.007346541006793	7.55295336569808
POSCTRL069	3.748381123779185	0.578860382344657	20	True	3.425704164783383e-12	1.3289369604763124e-11	6.617341126186596	6.860722108344793
POSCTRL070	4.202542943462877	0.6707899173177178	22	True	5.551115123125783e-16	2.8712664429960946e-15	9.065668906768787	8.003638622953694
POSCTRL071	6.2907338702240105	0.5793306899786927	22	True	0.0	0.0	38.54854225455789	13.258655210464221
POSCTRL072	4.8127311034036815	0.7066607522301821	20	True	0.0	0.0	13.838365371309703	9.539201708157277
POSCTRL073	5.22491832797209	0.5116670703632386	20	True	0.0	0.0	18.41473660993039	10.576487463261358
POSCTRL074	3.9437557517375823	0.5069936192736447	20	True	9.736655925962623e-14	4.094855295965589e-13	7.576997547113422	7.35239023003926
POSCTRL075	5.4652527005556495	0.6634947015152036	21	True	0.0	0.0	21.752709827084576	11.181298593455493
POSCTRL076	4.461048853874002	0.768595799233983	21	True	0.0	0.0	10.844708601057306	8.654179160109932
POSCTRL077	5.203925460102497	0.6410392946193587	20	True	0.0	0.0	18.148721175918176	10.52365806559453
POSCTRL078	5.159844550772948	0.6116906326515009	20	True	0.0	0.0	17.602581045124015	10.412726681519118
POSCTRL079	5.628446837606088	0.5425510489672872	22	True	0.0	0.0	24.35789179812058	11.591983213426843
POSCTRL080	4.713514570875676	0.9148897983472416	21	True	0.0	0.0	12.918665123704118	9.289519307229199
POSCTRL081	4.095717918708084	0.4282797807934025	21	True	5.218048215738236e-15	2.5248620398733397e-14	8.418647339291125	7.734809144837744
POSCTRL082	4.606518857177193	0.6083713458949188	20	True	0.0	0.0	11.995233914907045	9.020260283510448
POSCTRL083	4.119294251093258	0.7664416533304833	20	True	3.219646771412954e-15	1.5748272251476403e-14	8.557354042018726	7.794139935029862
POSCTRL084	4.390141973008254	0.6655156596710372	20	True	0.0	0.0	10.32458939415581	8.475739138010956
POSCTRL085	5.634036823229301	0.5279214818743021	20	True	0.0	0.0	24.452453982811758	11.606050637433658
POSCTRL086	5.642345657092709	0.5773531806725342	20	True	0.0	0.0	24.593687960574616	11.626960152562527
POSCTRL087	4.232073180461609	0.5225196247699926	20	True	3.3306690738754696e-16	1.7842870038618585e-15	9.25314442917505	8.077952653951877
POSCTRL088	4.962594691178486	0.4917395369114538	22	True	0.0	0.0	15.35317599033867	9.916339463870992
POSCTRL089	5.147855704966044	0.6353186986634453	21	True	0.0	0.0	17.45690909415343	10.382556268089486
POSCTRL090	5.28182443192431	0.483991096676015	22	True	0.0	0.0	19.15560864323754	10.719693966252605
POSCTRL091	5.342851676222232	0.6576458460438179	22	True	0.0	0.0	19.98328980578955	10.873271484939103
POSCTRL092	4.366266954615812	0.5844223245582283	21	True	0.0	0.0	10.155134790432832	8.415656692449332
POSCTRL093	5.219499275493764	0.8121528096568668	22	True	0.0	0.0	18.34569690352267	10.562850199399492
POSCTRL094	3.797534371600615	0.6414381340079751	21	True	1.4301893003221267e-12	5.64548408021892e-12	6.846681496627234	6.984418236568214
POSCTRL095	4.930449653659906	0.5094035426415529	20	True	0.0	0.0	15.014871081449686	9.835445182030446
POSCTRL096	4.581270473347363	0.5622381256525555	20	True	0.0	0.0	11.787133451119606	8.956721708501227
POSCTRL097	5.5467231348831625	0.6364380596053323	20	True	0.0	0.0	23.016453767880087	11.386322223381331
POSCTRL098	3.598191463932615	0.5033059562757819	20	True	4.5028758499654487e-11	1.6081699464162314e-10	5.963097777818416	6.482763779127049
POSCTRL099	3.8427609285735103	0.6148079278938653	22	True	6.318279233141766e-13	2.5385943347444595e-12	7.064715471031815	7.098232689089174
TEST0000	4.6322026537969725	0.4776421694258893	21	True	0.0	0.0	12.210693062032467	9.084894592345671
TEST0001	3.0504301815673975	0.7488738347710621	21	True	1.6601021068929356e-07	4.947324159614709e-07	4.079240907144195	5.104300446135792
TEST0002	2.3887389196405806	0.5889529765932107	20	True	0.0002917959062412878	0.000694752157717352	2.5786383449318393	3.4391277300425043
TEST0003	3.020131139671766	0.427822214154462	21	True	2.477441685133641e-07	7.286593191569532e-07	3.994463284850181	5.028051686644158
TEST0004	1.2793157839471427	0.5413748140240279	22	False	0.25874487599678453	0.4432656355471274	1.195145538821008	0.647219717263436
TEST0005	0.5501765024137361	0.5908848078170394	20	False	0.8825219529014815	0.9224960332878975	0.7209879393879868	-1.187688657233997
TEST0006	3.124288950731429	0.6386983016934641	20	True	6.110169037398805e-08	1.8704599094077976e-07	4.293515737470764	5.290169014050748
TEST0007	1.4542879987449693	0.5851928329930585	20	False	0.138398156023259	0.27077900091507195	1.3492507861041765	1.0875443443521025
TEST0008	3.6926236563289647	0.5633171492914738	20	True	9.060974193175753e-12	3.397865322440907e-11	6.366472288654964	6.720406195382298
TEST0009	2.7153572716739647	0.7448442356092196	21	True	1.0172252804641069e-05	2.7085880249044268e-05	3.2337940492878245	4.261075970370781
TEST0010	0.9230853133484648	0.5383158958308459	20	False	0.5984157607625028	0.7693916924089321	0.9336513675817422	-0.24924861232377996
TEST0011	1.1448596640604047	0.5511088181462585	20	False	0.3787157338004955	0.5796669394905544	1.088793374685692	0.3088554751617672
TEST0012	4.227412609605968	0.6501031678750668	20	True	3.3306690738754696e-16	1.7842870038618585e-15	9.22330073230629	8.066224139648039
TEST0013	2.3706333776817305	0.4812728061416659	21	True	0.00034494666959816733	0.000816978954311449	2.546479153484303	3.3935644043425897
TEST0014	2.2101226102677995	0.5129157698320417	21	True	0.001396565958326712	0.0031266402052090568	2.2783559198813728	2.9896325921579
TEST0015	2.528660972978007	0.6262739150461071	21	True	7.494633077564927e-05	0.00018736582693912318	2.841261271017701	3.7912472138615327
TEST0016	3.175452289229669	0.7583353184244497	20	True	2.9979462912166355e-08	9.240245418133465e-08	4.448511920513545	5.418923616436501
TEST0017	1.0186812593638503	0.5651770674471999	20	False	0.503461803407895	0.6850113637674828	0.9976127359625384	-0.008677563205781206
TEST0018	0.9420763757946412	0.5130037536662373	20	False	0.5798293123601861	0.7497792832243786	0.9460228298775202	-0.20145683864535652
TEST0019	0.5669144215815527	0.6848703684031274	21	False	0.8740128228686995	0.9210907969342267	0.7294014388398249	-1.145567009380794
TEST0020	4.0721895229781095	0.5920010591610223	22	True	8.215650382226158e-15	3.851086116668512e-14	8.282464140607793	7.675598989169505
TEST0021	0.4390727508837178	0.7241463367914338	20	False	0.9288508271582014	0.9478069664879607	0.6675479062788063	-1.46728572364328
TEST0022	2.524955486141519	0.6493853490215962	20	True	7.781100000692209e-05	0.00019345276244814885	2.8339730036632127	3.78192220696633
TEST0023	0.9547718284827876	0.658726933020564	20	False	0.5673015465622686	0.735693648279599	0.9543843940427917	-0.16950822053425216
TEST0024	1.067240434593015	0.5215512385859744	23	False	0.45480774384709766	0.6497253483529967	1.0317625334185934	0.11352355740768882
TEST0025	3.0258432231631733	0.8931463111319977	20	True	2.2983281944277678e-07	6.804261101924312e-07	4.010309971830026	5.042426374854852
TEST0026	3.5170174797381666	0.5902747192185503	20	True	1.709427044360723e-10	5.917247461248657e-10	5.6368454358518605	6.278486177903213
TEST0027	1.2215573796599046	0.7202929424109548	21	False	0.3078800593220522	0.5019783575903025	1.1482429365239193	0.5018683661451984
TEST0028	0.6446273196794624	0.5622292686382457	20	False	0.8289437138234579	0.9076026063760487	0.7697691981219527	-0.9499993707446811
TEST0029	2.5527656499447815	0.7371480381416463	21	True	5.8600623513704875e-05	0.00014814764371442243	2.8891321184142424	3.8519076044769895
TEST0030	2.308128001672602	0.5716076382400331	20	True	0.0006055200177298437	0.0013761818584769174	2.438507704819011	3.2362671076600407
TEST0031	1.4517347481182823	0.5852312714270386	21	False	0.13982209441362192	0.2723807034031596	1.346865022866964	1.0811189862953454
TEST0032	1.924084347813364	0.4313481612331889	21	True	0.01160968480514002	0.024877896011014325	1.8685962488956078	2.269805781976241
TEST0033	3.7222282484552056	0.5203357279532939	20	True	5.4191096054978516e-12	2.066609595316977e-11	6.498464088511432	6.794907344054168
TEST0034	2.1992995508437483	0.540566825076876	20	True	0.0015262749195000813	0.003400117394925924	2.261327707459314	2.962395927123052
TEST0035	3.8944903676752576	0.680271176716733	20	True	2.4436008771999695e-13	1.018167032166654e-12	7.322624904165951	7.2284119064483505
TEST0036	1.0792281649785118	0.5725235237144638	21	False	0.44287217451271355	0.6387579440087214	1.0403714354097053	0.1436911638344144
TEST0037	1.039164809913921	0.382293021886059	20	False	0.48290253504672664	0.6686342792954677	1.0118779868230925	0.04287011690922045
TEST0038	1.1288050936275893	0.4954978423841653	20	False	0.3941751308435	0.5932401634768395	1.0767442525228874	0.26845350192809464
TEST0039	2.694328357016751	0.6340230717134702	21	True	1.2873163249826902e-05	3.407602036718886e-05	3.1869997062253668	4.208155859510802
TEST0040	2.05673367881646	0.7401189633476762	20	True	0.004612205838386396	0.010012109466563326	2.048551564910848	2.6036231670678585
TEST0041	2.359643892797896	0.6526899729806602	21	True	0.00038145946831424915	0.0008987264960283357	2.527155471128026	3.3659089229339436
TEST0042	4.055995391391059	0.44900920027085	20	True	1.1324274851176597e-14	5.1473976596257257e-14	8.190014014159653	7.634845804669144
TEST0043	3.502194772433543	0.5971791895056701	20	True	2.1713519871013887e-10	7.458842703783396e-10	5.579227195497933	6.241184237855793
TEST0044	4.144695649455871	0.5598228739697932	20	True	1.9984014443252818e-15	9.992007221626409e-15	8.709356806992556	7.858063577274843
TEST0045	1.11828734262801	0.5079674098214308	20	False	0.4043958319196983	0.6025765707412724	1.0689229552887083	0.24198515784242136
TEST0046	2.3335825967141086	0.5940635203787757	20	True	0.0004828652589029536	0.0011200482809604593	2.4819139997456903	3.300324621490423
TEST0047	0.9895825094361508	0.5282444848224604	21	False	0.5326391648846907	0.7070431392274655	0.9776927356229975	-0.08190573960776291
TEST0048	4.431002679303768	0.6757898696215248	20	True	0.0	0.0	10.621187780524075	8.578566751429126
TEST0049	3.407300821977176	0.5900839427608546	21	True	9.722310734261441e-10	3.19345973023186e-09	5.224059581032515	6.00237978884113
TEST0050	5.185003407207822	0.524616265303113	21	True	0.0	0.0	17.912240966215425	10.476039957232427
TEST0051	0.8775034484020319	0.586274783825321	20	False	0.6420550193258413	0.7959359743708777	0.9046138424915587	-0.36395721167331135
TEST0052	0.8481090721179506	0.5325106918013252	20	False	0.669281248306706	0.8094288790512244	0.8863691664229	-0.43792934371008774
TEST0053	5.070345677080975	0.6001909711902095	20	True	0.0	0.0	16.543770888598363	10.187499160516376
TEST0054	5.227218098088574	0.655654432173693	20	True	0.0	0.0	18.444114567195307	10.582274927403025
TEST0055	3.1181538355758405	0.5959837444229243	20	True	6.6475931537191e-08	2.021227648090267e-07	4.275296166783592	5.274729749615809
TEST0056	4.335376352907753	0.535625809417611	20	True	0.0	0.0	9.940007098186939	8.337919248859434
TEST0057	3.41009199353653	0.6258700130259771	21	True	9.310335835621686e-10	3.080625827963058e-09	5.2341763141809805	6.009403884509308
TEST0058	2.6632379830400112	0.5433606595774251	20	True	1.814481525508338e-05	4.719749632825157e-05	3.119053960931965	4.1299156809591775
TEST0059	1.3250525033437996	0.4238376874477062	21	False	0.22293511249699727	0.39968446463605084	1.2336413534903001	0.7623180140750855
TEST0060	3.100488551455056	0.5421709640239111	20	True	8.46293307654733e-08	2.555919385534428e-07	4.223265892398533	5.230274350500656
TEST0061	2.3211788623503793	0.9104816197709946	20	True	0.0005394315164161112	0.001244316495174078	2.4606669303543875	3.2691101242942437
TEST0062	0.4583022694285146	0.627065142997009	21	False	0.9220350194937031	0.9472962529044895	0.6765051389551426	-1.4188938655867547
TEST0063	2.8982211088039818	0.8159015248732076	20	True	1.1719393916420628e-06	3.3168095989869704e-06	3.6707926853192134	4.721260182963131
TEST0064	2.394419268516393	0.7841160871656636	20	True	0.0002767606046348847	0.0006624588940728623	2.5888112774995355	3.453422556814662
TEST0065	2.6692801532436468	0.4534391450423999	20	True	1.698171249697733e-05	4.442889897464999e-05	3.132144304912937	4.145121045678349
TEST0066	4.024332578280976	0.5182196704788241	20	True	2.0872192862952943e-14	9.118919211969732e-14	8.012225954042341	7.555165059978424
TEST0067	2.7700604374197413	0.4913702855572745	20	True	5.4440915322473415e-06	1.4924416215291524e-05	3.3587652498272074	4.398738690622738
TEST0068	1.100310742183445	0.5615621995303024	21	False	0.4220130306973249	0.6224421306390918	1.0556863538545576	0.19674631865746212
TEST0069	0.7044337184156007	0.6094990627265289	20	False	0.7879980339316262	0.8755533710351402	0.8023503548274706	-0.7994941590947381
TEST0070	0.8494709535674185	0.6351954595593822	20	False	0.6680380700548011	0.8094288790512244	0.8872062800373312	-0.4345021141807089
TEST0071	6.075764923271092	0.3886697204429519	21	True	0.0	0.0	33.212063401697435	12.717677195685939
TEST0072	2.892501327915895	0.5227012208568123	20	True	1.25776994752691e-06	3.5374779774194343e-06	3.6562680886105348	4.706866123943613
TEST0073	0.9734096194650091	0.4445894390548163	20	False	0.5487902381482441	0.7158133541064053	0.9667938149188957	-0.12260546872599681
TEST0074	0.7736099797678316	0.4070924928809832	21	False	0.7341487735697153	0.8406283666828802	0.8417597949607765	-0.6254093107174995
TEST0075	5.208919071195158	0.5014905173480029	21	True	0.0	0.0	18.21164832200084	10.536224689070961
TEST0076	1.34333539834972	0.5336813525664525	22	False	0.2094509929809244	0.3828605909626019	1.2493744461862009	0.808327655862412
TEST0077	0.7512976429760928	0.6237815728169593	20	False	0.7522411410194121	0.8548194784311501	0.8288415152624217	-0.6815592050801624
TEST0078	2.1952791620049545	0.465575794223159	20	True	0.0015771916634987893	0.0034962376777066756	2.2550347899987817	2.9522784566535902
TEST0079	2.9528803543456426	0.4944442182994844	20	True	5.904598789907567e-07	1.703249650934875e-06	3.8125357968715528	4.858812376252158
TEST0080	0.3485628131336192	0.6052792783658244	20	False	0.9549677554064594	0.9613769349729457	0.626954800326553	-1.6950576280778213
TEST0081	3.1881642549052085	0.5917993299109628	20	True	2.5055829855347156e-08	7.775947196487048e-08	4.487882125648079	5.450913790145586
TEST0082	1.7416178637243227	0.338546991803343	20	False	0.035099728998342794	0.07380784135165541	1.6465980159444142	1.810621524318406
TEST0083	2.240563808034545	0.607804254832056	21	True	0.001083849501230194	0.002450915957555715	2.3269405253647824	3.0662390926257728
TEST0084	1.229125800071798	0.5721085448164912	20	False	0.30121313177306175	0.4938003646512431	1.1542824805390046	0.5209146009966451
TEST0085	2.536887365491383	0.7378866100907393	23	True	6.893759119475096e-05	0.00017330679350635716	2.8575087073556773	3.8119492620119932
TEST0086	2.7724259999727106	0.5897771295390828	21	True	5.2967207574416975e-06	1.4622848716863582e-05	3.36427707774586	4.404691724081191
TEST0087	2.068416988103317	0.5300092854252377	22	True	0.0042314098115942	0.009243370947657233	2.065208608990064	2.6330246855366117
TEST0088	2.946347003999469	0.4783995643932713	21	True	6.414948436894718e-07	1.8386794882819256e-06	3.79530948353348	4.842370936917675
TEST0089	4.33379001127299	0.5717426382390044	20	True	0.0	0.0	9.92908338894292	8.333927156231647
TEST0090	1.0515297184963674	0.5589946848670326	23	False	0.47051040151881685	0.6592268079907663	1.0205877621509218	0.07398690746275015
TEST0091	1.012344036746357	0.482186940846736	20	False	0.5098231360527143	0.6881987897854684	0.9932402048175488	-0.02462543921026493
TEST0092	1.1263378628660614	0.6228721591254361	21	False	0.3965664289027442	0.5948496433541163	1.0749044276231716	0.2622446163272195
TEST0093	0.4256250791304596	0.5558014609175675	20	False	0.9333386845631115	0.9481934451235837	0.6613544582892857	-1.5011273313339983
TEST0094	1.5139231637893014	0.7684117742505678	21	False	0.10792874985948164	0.21779344142047863	1.4061920984006053	1.2376186395186675
TEST0095	6.178763774488107	0.6856995817379107	20	True	0.0	0.0	35.66987620208764	12.976877953961171
TEST0096	3.4672510865287385	0.6093409901734768	20	True	3.7956204845812636e-10	1.2842324947831342e-09	5.445715507065	6.153247044611054
TEST0097	3.6634570336595047	0.5591853959532495	21	True	1.495559232012056e-11	5.5164070033231565e-11	6.239055152643228	6.647007214491503
TEST0098	3.816466612333969	0.582601229276341	21	True	1.017519402068956e-12	4.052068415318851e-12	6.937121445211368	7.032061983036757
TEST0099	2.169141491617285	0.4667357437798272	21	True	0.001947751627950467	0.0042965109440083835	2.2145476208017314	2.8865019561977014
