motif_id	tf_name	n_active_hits	n_background_hits	n_active_total	n_background_total	odds_ratio	pvalue	fdr
MA0841.2	NFE2	132	73	213	237	3.661085743277524	2.3217310998302015e-11	2.026871250151766e-08
MA0496.4	MAFK	108	51	213	237	3.7512605042016807	7.099927103706678e-11	3.099118180767965e-08
MA0491.3	JUND	133	80	213	237	3.26265625	8.296613765878656e-10	2.4143146058706886e-07
MA0501.2	MAF::NFE2	129	77	213	237	3.1910946196660483	1.738493278773306e-09	3.79426158092274e-07
MA0490.3	JUNB	136	86	213	237	3.101177891875566	3.7490015889725085e-09	6.545756774346e-07
MA0089.3	MAFG::NFE2L1	104	55	213	237	3.1572977481234363	1.0345466538477356e-08	1.5052653813484553e-06
MA0039.5	KLF4	164	123	213	237	3.1020408163265305	2.0418923340645507e-08	2.5465314394833614e-06
MA0477.3	FOSL1	139	95	213	237	2.8076813655761024	6.782619357018507e-08	7.401533373346446e-06
MA1970.2	TRPS1	138	96	213	237	2.7025	1.8970676100406928e-07	1.840155581739472e-05
MA0655.1	JDP2	147	108	213	237	2.6603535353535355	3.8131775214445906e-07	3.325010752545572e-05
MA0037.5	Gata3	140	100	213	237	2.627397260273973	4.189589722566013e-07	3.325010752545572e-05
MA0150.3	Nfe2l2	115	73	213	237	2.636287391668996	4.7637189334221927e-07	3.465605524064645e-05
MA1961.2	PATZ1	155	120	213	237	2.605603448275862	1.0448682830280755e-06	7.016692392950077e-05
MA1630.3	ZNF281	78	43	213	237	2.60671834625323	7.752921294423549e-06	0.0004834500207165542
MA2328.1	ZBED4	93	58	213	237	2.391810344827586	1.2539807366923464e-05	0.0007298167887549456
MA1114.2	PBX3	22	3	213	237	8.984293193717278	1.6918624148910486e-05	0.0009231224301249284
MA0471.3	E2F6	146	116	213	237	2.273031394750386	1.7992626545256517e-05	0.0009239742925887611
MA0489.3	Jun	144	114	213	237	2.251716247139588	2.078013297725094e-05	0.0010078364493966705
MA0624.3	Nfatc1	162	137	213	237	2.31859167024474	2.910543572502234e-05	0.0011829366621002762
MA0742.2	KLF12	158	132	213	237	2.2851239669421486	2.981054589485232e-05	0.0011829366621002762
MA1137.2	FOSL1::JUNB	154	127	213	237	2.2607767249432804	2.9511641542790923e-05	0.0011829366621002762
MA1101.3	BACH2	150	122	213	237	2.2443403590944575	2.830580496793779e-05	0.0011829366621002762
MA1134.2	FOS::JUNB	158	133	213	237	2.2463431305536568	4.331550468033937e-05	0.0016441058950407074
MA1130.2	FOSL2::JUN	167	145	213	237	2.303448275862069	5.196205355216647e-05	0.0018901196979600552
MA0865.3	E2F8	190	178	213	237	2.738153395212506	7.214166550459897e-05	0.0024222951532890348
MA1128.2	FOSL1::JUN	164	142	213	237	2.23914918079908	7.202094504790288e-05	0.0024222951532890348
MA0741.1	KLF16	170	150	213	237	2.2930232558139534	7.685574079086532e-05	0.002485002285571312
MA0659.4	Mafg	47	22	213	237	2.7669769989047097	0.00013303621008637148	0.004147878978764368
MA0099.4	FOS::JUN	167	149	213	237	2.1441494018091625	0.00021829159614512875	0.006571329773610255
MA1144.2	FOSL2::JUND	166	148	213	237	2.12392179413456	0.00024132616708918896	0.007022591462295398
MA1480.2	DPRX	197	192	213	237	2.8857421875	0.0002565410872033216	0.007224528036403218
MA0591.2	Bach1::Mafk	80	53	213	237	2.088239466591006	0.00030395470950355763	0.00829226441864393
MA1723.2	PRDM9	46	23	213	237	2.562874251497006	0.00036416242168047354	0.009633751337183437
MA0746.3	SP3	174	160	213	237	2.1471153846153848	0.0004046281180119637	0.010389421971307185
MA2341.1	FEZF2	151	131	213	237	1.9706968726914553	0.00042667537697153716	0.01064250297417577
MA1928.2	BNC2	144	123	213	237	1.9342523860021208	0.00048196727314295566	0.011687706373716675
MA0685.2	SP4	157	139	213	237	1.9766187050359711	0.0005256624930110726	0.012402793416180172
MA0482.3	GATA4	141	120	213	237	1.909375	0.0005699970529404174	0.01294132643402393
MA0140.3	GATA1::TAL1	118	94	213	237	1.889585666293393	0.0005781348578773577	0.01294132643402393
MA1710.2	ZNF257	163	147	213	237	1.9959183673469387	0.0006153750482769618	0.013430560428644692
MA1138.2	FOSL2::JUNB	166	151	213	237	2.0115541778216146	0.0006524237013837233	0.013891851007511962
MA1969.2	THRA	12	1	213	237	14.08955223880597	0.0008014128281498376	0.016657938070828767
MA0733.2	EGR4	109	86	213	237	1.8402280858676208	0.0010008984991001619	0.020320567202661427
MA1561.2	SOX12	68	45	213	237	2.000919540229885	0.0011294064326947718	0.022408450357784906
MA0835.3	BATF3	161	147	213	237	1.8956043956043955	0.001341403235098451	0.02602322276090995
MA1514.2	KLF17	30	13	213	237	2.8247162673392183	0.001556158571392595	0.0295331833222986
MA0525.2	TP63	11	1	213	237	12.851485148514852	0.0016127622643921078	0.029956201208815106
MA1135.2	FOSB::JUNB	166	155	213	237	1.868496911461908	0.0022273780971620587	0.039683695486173
MA1988.2	Atf3	158	145	213	237	1.8226959247648902	0.0022218251690175987	0.039683695486173
MA1634.2	BATF	153	139	213	237	1.797841726618705	0.0022920911302532375	0.04001991113422153
MA2101.1	ZNF677	29	13	213	237	2.7157190635451505	0.002449603499553321	0.04193144813941273
MA1104.3	GATA6	152	139	213	237	1.7568109446868734	0.003207878618794389	0.053855346811682726
MA0462.3	BATF::JUN	155	143	213	237	1.7566915842777913	0.003544522549213709	0.058384305386105055
MA0861.2	TP73	42	25	213	237	2.0828070175438596	0.00466471359318575	0.072719552979485
MA0035.5	GATA1	168	160	213	237	1.7966666666666666	0.004499887560108872	0.072719552979485
MA0753.3	ZNF740	83	64	213	237	1.7258413461538462	0.0046380786182523455	0.072719552979485
MA0476.2	FOS	173	167	213	237	1.812874251497006	0.005338663821596753	0.08176585116235026
MA1523.2	MSANTD3	204	211	213	237	2.79304897314376	0.005629715970257975	0.0847369317592278
MA1954.2	FOXO1::ELK1	40	24	213	237	2.052023121387283	0.00634668457336889	0.09083042020575477
MA1656.2	ZNF449	40	24	213	237	2.052023121387283	0.00634668457336889	0.09083042020575477
MA0162.5	EGR1	79	61	213	237	1.7010031808172255	0.006291568061796759	0.09083042020575477
MA0050.4	Irf1	17	6	213	237	3.3392857142857144	0.0075692354981123176	0.10657971919116216
MA1578.2	VEZF1	187	187	213	237	1.9230769230769231	0.008121483798190663	0.1125405612034992
MA1959.2	KLF7	183	182	213	237	1.8434065934065933	0.009110050906208738	0.12426678814250357
MA1516.2	KLF3	175	172	213	237	1.740361077111383	0.01033165011953865	0.1366595538538976
MA0606.3	Nfat5	104	89	213	237	1.5866405525203586	0.010219094831394153	0.1366595538538976
MA1141.2	FOS::JUND	170	166	213	237	1.6909498458952088	0.011338276647875059	0.1477360524417153
MA1124.1	ZNF24	8	1	213	237	9.209756097560975	0.01242111780718053	0.15169757751549565
MA2003.2	NKX2-4	207	218	213	237	3.006880733944954	0.012574481696826791	0.15169757751549565
MA0029.2	Mecom	50	35	213	237	1.7703768624014022	0.012684906252727585	0.15169757751549565
MA0747.2	SP8	165	160	213	237	1.654296875	0.012056586482437017	0.15169757751549565
MA1994.2	Nkx2-1	92	77	213	237	1.579907695610175	0.012422998257892993	0.15169757751549565
MA0079.5	SP1	140	130	213	237	1.5785036880927292	0.011963175049906054	0.15169757751549565
MA1155.1	ZSCAN4	20	9	213	237	2.6252158894645943	0.012858689593146528	0.1516977839840124
MA0108.3	TBP	205	215	213	237	2.622093023255814	0.014288898179683634	0.1643519593060499
MA1116.2	RBPJ	184	185	213	237	1.7834109972041006	0.01449610637636408	0.1643519593060499
MA1953.2	FOXO1::ELF1	61	46	213	237	1.66633295194508	0.014438006192076414	0.1643519593060499
MA0007.4	Ar	14	5	213	237	3.264321608040201	0.016469021721945195	0.18432635850330967
MA0083.3	SRF	18	8	213	237	2.6423076923076922	0.0173748477112672	0.18960302564920334
MA1512.2	KLF11	182	183	213	237	1.7324167107350608	0.01716729604192697	0.18960302564920334
MA1511.2	KLF10	166	163	213	237	1.603446025323065	0.018450785844872232	0.19885846966140072
MA1489.1	FOXN3	30	18	213	237	1.994535519125683	0.018939976614747653	0.2015922714558154
MA1977.2	ZNF324	68	54	213	237	1.589272030651341	0.019166275522145105	0.2015922714558154
MA0107.1	RELA	42	29	213	237	1.7616454930429521	0.020436194397966196	0.2123904489217201
MA1647.3	Prdm4	32	20	213	237	1.918232044198895	0.02089922874325899	0.21464737285723645
MA0080.7	Spi1	12	4	213	237	3.4776119402985075	0.02173992876700442	0.22068555597203326
MA1491.3	GLI3	20	10	213	237	2.3523316062176165	0.022112219648964107	0.22188468682236395
MA0860.1	Rarg	5	0	213	237	999.0	0.023173106089271093	0.22898261383336735
MA0784.3	POU1F1	27	16	213	237	2.005040322580645	0.024052951823673084	0.22898261383336735
MA0516.3	SP2	170	169	213	237	1.59075271776524	0.023544332156126536	0.22898261383336735
MA1652.2	ZKSCAN5	76	63	213	237	1.5321515467500868	0.02366702118349936	0.22898261383336735
MA1122.2	TFDP1	139	132	213	237	1.4941646191646192	0.024131042924020386	0.22898261383336735
MA1564.2	SP9	184	187	213	237	1.696477964226443	0.024581793153548272	0.23075167121556606
MA1721.2	ZNF93	17	8	213	237	2.482780612244898	0.02679279868079325	0.24718777163301667
MA1143.2	FOSL1::JUND	142	136	213	237	1.4852941176470589	0.026899012949755538	0.24718777163301667
MA1592.2	ZNF274	134	127	213	237	1.4691517990630918	0.028256725984953674	0.25695960192567247
MA1150.2	RORB	126	118	213	237	1.4605493863237873	0.028870700986347586	0.2598363088771283
MA0068.2	PAX4	150	146	213	237	1.4840182648401827	0.03060896622432765	0.2726696685085514
MA0493.3	KLF1	179	182	213	237	1.5909825468648997	0.03489726885077405	0.3046531570672575
MA0597.3	THAP1	134	128	213	237	1.4444224683544304	0.03456187402826247	0.3046531570672575
MA0611.3	Dux	43	32	213	237	1.6204044117647058	0.038104531961861934	0.32935897428421257
MA0502.3	NFYB	70	59	213	237	1.4768282564892734	0.039051062287552146	0.3342311507552257
MA0106.3	TP53	12	5	213	237	2.7701492537313435	0.04298965894185733	0.36166299542443886
MA0478.2	FOSL2	183	188	213	237	1.5898936170212765	0.04308470964964678	0.36166299542443886
MA1120.2	SOX13	144	141	213	237	1.4209065679925994	0.045842867272776366	0.38115069646794064
MA2100.1	ZSCAN16	4	0	213	237	999.0	0.04945074313787038	0.38269060869478133
MA1576.2	THRB	18	10	213	237	2.0953846153846154	0.04825542633563338	0.38269060869478133
MA1616.2	Prdm15	26	17	213	237	1.7993079584775087	0.04912510717207738	0.38269060869478133
MA1974.2	ZNF211	40	30	213	237	1.5953757225433527	0.048637896916082064	0.38269060869478133
MA0139.2	CTCF	42	32	213	237	1.5734649122807018	0.0496318709577253	0.38269060869478133
MA1565.2	TBX18	153	152	213	237	1.425986842105263	0.04997334409072746	0.38269060869478133
MA0884.2	DUXA	91	82	213	237	1.4099360255897642	0.04729340421534288	0.38269060869478133
MA1655.2	ZNF341	88	79	213	237	1.408	0.049268780571559444	0.38269060869478133
MA0907.2	HOXC13	100	92	213	237	1.394767218160831	0.04991735661299685	0.38269060869478133
MA1517.2	KLF6	206	220	213	237	2.274025974025974	0.050912417681353156	0.3864916577027939
MA1730.2	ZNF708	80	71	213	237	1.4063327332415545	0.054275664842981165	0.4084711673096772
MA1154.2	ZNF282	14	7	213	237	2.3115577889447234	0.05517479652944935	0.41024096601659205
MA0596.1	SREBF2	78	69	213	237	1.4067632850241545	0.05545066894611438	0.41024096601659205
MA0469.4	E2F3	33	24	213	237	1.6270833333333334	0.05858725966730851	0.429804014197986
MA0063.3	NKX2-5	139	137	213	237	1.3710791083053857	0.06364891358494305	0.4630458463304607
MA0078.3	Sox17	50	41	213	237	1.466407302109831	0.06549336874765575	0.4725265365016816
MA0724.1	VENTX	202	215	213	237	1.8790697674418604	0.0668510056874884	0.4783682620096506
MA0712.3	OTX2	149	149	213	237	1.375	0.06840637164993138	0.4855183939056105
MA0895.2	HMBOX1	211	229	213	237	3.685589519650655	0.07379250878992578	0.519523065916171
MA2002.2	Zfp335	157	159	213	237	1.3753369272237197	0.07615376301812798	0.5276367866256011
MA0164.2	Nr2e3	116	112	213	237	1.334683357879234	0.07610567513614806	0.5276367866256011
MA1731.2	ZNF768	131	129	213	237	1.337492909812819	0.0775855013452179	0.5333239580659466
MA1653.2	ZNF148	78	71	213	237	1.3508607198748044	0.0809364394788017	0.5520118098827648
MA2332.1	ZNF175	43	35	213	237	1.4598319327731093	0.08205676604546248	0.5553143934704554
MA0036.4	GATA2	170	175	213	237	1.4006644518272424	0.08293442263685251	0.5569365458613249
MA1599.2	ZNF682	25	18	213	237	1.6179078014184398	0.09150475510141327	0.6051791757843469
MA1627.2	Wt1	66	59	213	237	1.3545485991006572	0.09097795678901645	0.6051791757843469
MA1987.2	ZNF701	28	21	213	237	1.5567567567567568	0.09593477170890398	0.629409606262662
MA2326.1	IKZF2	180	188	213	237	1.4216634429400388	0.09661040920870184	0.629409606262662
MA0788.1	POU3F3	45	38	213	237	1.4027255639097744	0.10225856171888324	0.6564097380925373
MA1575.2	THRB	45	38	213	237	1.4027255639097744	0.10225856171888324	0.6564097380925373
MA1643.2	NFIB	3	0	213	237	999.0	0.10525943896489552	0.6707408044989328
MA0258.2	ESR2	186	196	213	237	1.4410430839002268	0.10806207442063546	0.6786920213612573
MA0511.2	RUNX2	186	196	213	237	1.4410430839002268	0.10806207442063546	0.6786920213612573
MA1470.2	BACH2	6	2	213	237	3.4057971014492754	0.11020303163169749	0.6871946186747994
MA0727.2	NR3C2	20	14	213	237	1.6506291635825314	0.11182646679628538	0.6923723795259371
MA0666.3	MSX1	211	230	213	237	3.2108695652173913	0.11657967834900732	0.7069860783314645
MA0144.3	STAT3	209	227	213	237	2.301762114537445	0.12308908498108406	0.7069860783314645
MA1651.2	ZFP42	12	7	213	237	1.9616204690831556	0.11960483313271453	0.7069860783314645
MA1600.2	ZNF684	12	7	213	237	1.9616204690831556	0.11960483313271453	0.7069860783314645
MA0908.2	HOXD11	180	189	213	237	1.3852813852813852	0.116952491946444	0.7069860783314645
MA1132.2	JUN::JUNB	174	182	213	237	1.3482671174978866	0.12295108251423481	0.7069860783314645
MA0090.4	TEAD1	52	46	213	237	1.3410748042128005	0.12110092812448607	0.7069860783314645
MA0778.2	NFKB2	53	47	213	237	1.3390957446808511	0.12036580317285384	0.7069860783314645
MA0507.3	POU2F2	53	47	213	237	1.3390957446808511	0.12036580317285384	0.7069860783314645
MA0076.3	ELK4	165	171	213	237	1.3267543859649122	0.11783585140157296	0.7069860783314645
MA0528.3	ZNF263	85	81	213	237	1.2789351851851851	0.1230949414735196	0.7069860783314645
MA1708.2	ETV7	198	212	213	237	1.5566037735849056	0.12707709798648575	0.7136991600752959
MA2097.1	ZNF75A	32	26	213	237	1.4347641308967276	0.12713619930117798	0.7136991600752959
MA0093.4	USF1	39	33	213	237	1.3855799373040751	0.12753387052891885	0.7136991600752959
MA1950.2	FLI1::FOXI1	122	122	213	237	1.2637362637362637	0.12747440061029885	0.7136991600752959
MA0740.2	KLF14	182	192	213	237	1.376008064516129	0.1296748736358821	0.716494713190665
MA1550.2	PPARD	66	61	213	237	1.2954165272666445	0.12926612287835476	0.716494713190665
MA1502.2	HOXB8	212	232	213	237	4.568965517241379	0.13475276193286903	0.7352447572962167
MA1549.2	POU6F1	212	232	213	237	4.568965517241379	0.13475276193286903	0.7352447572962167
MA0506.3	Nrf1	15	10	213	237	1.7196969696969697	0.13588016065591918	0.736791181693276
MA0132.3	PDX1	206	223	213	237	1.8475336322869955	0.13710578796216197	0.7388478573516506
MA2120.1	ZNF184	88	85	213	237	1.2589176470588235	0.13798149893245829	0.7390052059388716
MA2095.1	Sox7	51	46	213	237	1.3071658615136876	0.14615837718657246	0.7780259956334009
MA0705.2	Lhx8	210	229	213	237	2.445414847161572	0.1483459102943861	0.7801565041385486
MA1943.2	ETV2::HOXB13	113	113	213	237	1.24	0.1483285874054454	0.7801565041385486
MA1588.1	ZNF136	4	1	213	237	4.516746411483253	0.1545612913322675	0.8079760918147877
MA1541.2	NR6A1	27	22	213	237	1.4186217008797655	0.15811874617124674	0.8192270013765759
MA1966.2	TFAP4::ETV1	33	28	213	237	1.368452380952381	0.15859033589076899	0.8192270013765759
MA0669.1	NEUROG2	107	107	213	237	1.2264150943396226	0.1624720056415035	0.8343415348531327
MA0767.2	GCM2	201	217	213	237	1.543778801843318	0.16555424502145286	0.8354269127383142
MA1151.2	RORC	170	179	213	237	1.2810185786670132	0.16490467026716146	0.8354269127383142
MA0152.3	Nfatc2	73	70	213	237	1.2439795918367347	0.1645208470307058	0.8354269127383142
MA1567.3	Tbx6	83	81	213	237	1.2296296296296296	0.16952139757636356	0.8505297705986515
MA0627.3	POU2F3	69	66	213	237	1.2414772727272727	0.17161980154598985	0.8561376385694236
MA0654.2	ISX	211	231	213	237	2.74025974025974	0.18011214223976474	0.8670749389273941
MA1110.3	Nr1H4	211	231	213	237	2.74025974025974	0.18011214223976474	0.8670749389273941
MA1501.2	HOXB7	209	228	213	237	2.0625	0.17622317585444264	0.8670749389273941
MA2337.1	Nr1h3	202	219	213	237	1.5093399750933998	0.19636863493805948	0.8670749389273941
MA0706.2	MEOX2	199	215	213	237	1.454485049833887	0.18863971013848474	0.8670749389273941
MA1945.2	ETV5::FIGLA	25	21	213	237	1.3677811550151975	0.19764938470395352	0.8670749389273941
MA1522.2	MAZ	191	205	213	237	1.355210643015521	0.18716810908348794	0.8670749389273941
MA0782.3	PKNOX1	32	28	213	237	1.31965272296764	0.1945542254277914	0.8670749389273941
MA0645.2	ETV6	185	198	213	237	1.3014069264069263	0.19722702299098577	0.8670749389273941
MA1725.2	ZNF189	48	44	213	237	1.2760330578512398	0.17732471222912283	0.8670749389273941
MA1717.2	ZNF784	169	179	213	237	1.244540375825292	0.19710816627942065	0.8670749389273941
MA0517.2	STAT1::STAT2	55	52	213	237	1.2384371957156768	0.1963452374984646	0.8670749389273941
MA1657.2	ZNF652	60	57	213	237	1.238390092879257	0.1875556545388343	0.8670749389273941
MA1607.2	Foxl2	58	55	213	237	1.2382404692082112	0.19107972272329649	0.8670749389273941
MA0467.3	Crx	164	173	213	237	1.2381738822696708	0.1927955511865948	0.8670749389273941
MA0768.3	Lef1	74	72	213	237	1.2200239808153477	0.18778657320789258	0.8670749389273941
MA0664.2	MLXIPL	145	151	213	237	1.2144526684846124	0.19103973548018463	0.8670749389273941
MA1112.3	NR4A1	109	110	213	237	1.2100524475524475	0.18029496868070155	0.8670749389273941
MA1683.2	FOXA3	108	109	213	237	1.2078636959370905	0.18288686437942672	0.8670749389273941
MA2102.1	ZBTB17	83	82	213	237	1.2068480300187616	0.1943066722972039	0.8670749389273941
MA1648.2	TCF12	123	126	213	237	1.203968253968254	0.18912673609768038	0.8670749389273941
MA0762.2	ETV2	130	134	213	237	1.20392015824492	0.1920554582081143	0.8670749389273941
MA0047.4	FOXA2	115	117	213	237	1.2035583464154893	0.18798008811039674	0.8670749389273941
MA0024.3	E2F1	93	93	213	237	1.2	0.19623198511463602	0.8670749389273941
MA0906.2	HOXC12	156	164	213	237	1.2182284980744544	0.20049473028769016	0.8717541967147087
MA0481.4	FOXP1	135	140	213	237	1.1991758241758241	0.20071316556661675	0.8717541967147087
MA0755.2	CUX2	99	100	213	237	1.1897368421052632	0.20647193381508835	0.887931025717104
MA1574.2	THRB	99	100	213	237	1.1897368421052632	0.20647193381508835	0.887931025717104
MA0148.5	FOXA1	88	88	213	237	1.192	0.20857763418695585	0.8925895815941787
MA0914.2	ISL2	210	230	213	237	2.130434782608696	0.21641640732019762	0.8933554405536294
MA0073.2	RREB1	7	4	213	237	1.979368932038835	0.21476461178595155	0.8933554405536294
MA0676.1	Nr2e1	197	213	213	237	1.3873239436619718	0.21015487793536508	0.8933554405536294
MA1601.2	ZNF75D	43	40	213	237	1.2457352941176472	0.21694313103936932	0.8933554405536294
MA0592.4	ESRRA	43	40	213	237	1.2457352941176472	0.21694313103936932	0.8933554405536294
MA0847.4	FOXD2	172	183	213	237	1.2379048380647741	0.21144106193723539	0.8933554405536294
MA0046.3	HNF1A	60	58	213	237	1.2102772143340095	0.21681065538996658	0.8933554405536294
MA0101.1	REL	105	107	213	237	1.1812045690550363	0.21606070783259515	0.8933554405536294
MA0882.2	DLX6	212	233	213	237	3.6394849785407724	0.22122770320906254	0.8941286338032944
MA0644.3	ESX1	212	233	213	237	3.6394849785407724	0.22122770320906254	0.8941286338032944
MA0910.3	HOXD8	212	233	213	237	3.6394849785407724	0.22122770320906254	0.8941286338032944
MA0674.2	NKX6-1	212	233	213	237	3.6394849785407724	0.22122770320906254	0.8941286338032944
MA1638.2	HAND2	191	206	213	237	1.30648720211827	0.22472093353139866	0.9027374762031789
MA1628.2	Zic1::Zic2	186	200	213	237	1.2744444444444445	0.2254258531641386	0.9027374762031789
MA0442.3	SOX10	169	180	213	237	1.2162878787878788	0.227343670868708	0.9062603866136169
MA1521.2	MAFA	27	24	213	237	1.2883064516129032	0.24088118819350288	0.9137379508846228
MA1729.2	ZNF680	27	24	213	237	1.2883064516129032	0.24088118819350288	0.9137379508846228
MA0790.2	POU4F1	30	27	213	237	1.2750455373406193	0.23703374691941026	0.9137379508846228
MA0062.4	GABPA	33	30	213	237	1.265	0.23278595249199624	0.9137379508846228
MA0077.2	SOX9	168	179	213	237	1.209683426443203	0.23255668890134365	0.9137379508846228
MA0474.4	Erg	51	49	213	237	1.2078609221466365	0.23591131648383426	0.9137379508846228
MA1525.3	NFATC4	147	155	213	237	1.178299120234604	0.23770948068653522	0.9137379508846228
MA0732.2	EGR3	76	76	213	237	1.1751824817518248	0.23899503165655428	0.9137379508846228
MA1147.2	NR4A2::RXRA	76	76	213	237	1.1751824817518248	0.23899503165655428	0.9137379508846228
MA0514.3	Sox3	146	154	213	237	1.1744524132583833	0.24177945779421292	0.9137379508846228
MA1117.2	RELB	88	89	213	237	1.170696629213483	0.2360396294089066	0.9137379508846228
MA2118.1	FOXS1	86	87	213	237	1.1675264729839805	0.2415224659498307	0.9137379508846228
MA1587.1	ZNF135	14	11	213	237	1.4454088624942896	0.2458684721763944	0.9170477345713497
MA2334.1	ZNF547	15	12	213	237	1.4204545454545454	0.2468570648617035	0.9170477345713497
MA1711.2	ZNF343	23	20	213	237	1.313421052631579	0.2450818312739532	0.9170477345713497
MA0105.4	NFKB1	24	21	213	237	1.3061224489795917	0.24415832832642567	0.9170477345713497
MA1519.2	LHX5	193	209	213	237	1.292822966507177	0.24911135379383006	0.917208338190014
MA1518.3	Lhx1	43	41	213	237	1.2091822094691536	0.25320413459770147	0.917208338190014
MA0518.2	Stat4	164	175	213	237	1.1857725947521867	0.25298971532791253	0.917208338190014
MA0473.4	ELF1	59	58	213	237	1.1823779668607255	0.250814844690958	0.917208338190014
MA1639.2	MEIS1	82	83	213	237	1.1614089947576567	0.25260552275112547	0.917208338190014
MA0750.3	ZBTB7A	82	83	213	237	1.1614089947576567	0.25260552275112547	0.917208338190014
MA1956.2	FOXO1::FLI1	42	40	213	237	1.2096491228070176	0.2553859775511866	0.917497771202411
MA0761.3	ETV1	70	70	213	237	1.167832167832168	0.25472692633085997	0.917497771202411
MA0769.3	TCF7	142	150	213	237	1.16	0.2579395930640955	0.922874035839981
MA0151.1	Arid3a	201	219	213	237	1.3767123287671232	0.2608589176774696	0.9230901845472875
MA0794.1	PROX1	54	53	213	237	1.1790672837308651	0.26328689112517134	0.9230901845472875
MA2329.1	ZBTB11	67	67	213	237	1.1643835616438356	0.2627562097219255	0.9230901845472875
MA0067.3	PAX2	67	67	213	237	1.1643835616438356	0.2627562097219255	0.9230901845472875
MA0759.3	ELK3	134	141	213	237	1.1548612981416644	0.2593777488891211	0.9230901845472875
MA1604.2	Ebf2	36	34	213	237	1.2143569292123628	0.2685561432400929	0.930355210510322
MA1637.2	EBF3	36	34	213	237	1.2143569292123628	0.2685561432400929	0.930355210510322
MA0646.2	GCM1	161	172	213	237	1.1700581395348837	0.2678976615018892	0.930355210510322
MA0875.2	BARX1	211	232	213	237	2.273706896551724	0.27089236542849804	0.9308909104034299
MA0720.2	Shox2	211	232	213	237	2.273706896551724	0.27089236542849804	0.9308909104034299
MA0136.4	Elf5	114	119	213	237	1.1418385536032596	0.2719097160972218	0.9308909104034299
MA0030.2	FOXF2	85	87	213	237	1.1449353448275863	0.2742850392524288	0.9353548408881653
MA0763.2	ETV3	184	199	213	237	1.211575116964131	0.2790811565498629	0.9406866782549432
MA0873.2	HOXD12	152	162	213	237	1.153612629022465	0.2775446024161369	0.9406866782549432
MA1579.2	ZBTB26	112	117	213	237	1.1373445036811374	0.27872522211366785	0.9406866782549432
MA0889.2	GBX1	194	211	213	237	1.2581691194811673	0.2862633675559303	0.9409735041504625
MA1559.2	SNAI3	189	205	213	237	1.2292682926829268	0.28359086199591427	0.9409735041504625
MA0657.2	KLF13	30	28	213	237	1.2236533957845432	0.2817975517919384	0.9409735041504625
MA0695.2	ZBTB7C	177	191	213	237	1.1841186736474694	0.2861813185638893	0.9409735041504625
MA0829.3	SREBF1	45	44	213	237	1.1749188311688312	0.28665282850278345	0.9409735041504625
MA1506.2	HOXD10	171	184	213	237	1.172748447204969	0.2844592468773657	0.9409735041504625
MA1513.2	KLF15	164	176	213	237	1.1600185528756957	0.28671128534252355	0.9409735041504625
MA0098.4	ETS1	170	183	213	237	1.1666031261913838	0.2901017620108864	0.9485349746648082
MA0643.2	Esrrg	188	204	213	237	1.2164705882352942	0.2916256150720483	0.9499595595443961
MA1940.2	ETV2::DRGX	68	69	213	237	1.1418290854572715	0.2929544238436372	0.9507405651133652
MA0081.3	SPIB	24	22	213	237	1.240981240981241	0.2948953577327588	0.9534949900025869
MA1946.2	ETV5::FOXI1	147	157	213	237	1.134916039374638	0.29975169898854903	0.9620707103566298
MA1584.2	ZIC5	87	90	213	237	1.1277777777777778	0.29947829138723264	0.9620707103566298
MA0119.1	NFIC::TLX1	5	3	213	237	1.875	0.30507697833228326	0.9717237885552725
MA0758.1	E2F7	6	4	213	237	1.6884057971014492	0.31139342078236226	0.9717237885552725
MA0009.2	TBXT	7	5	213	237	1.5766990291262135	0.31500324417083864	0.9717237885552725
MA1958.2	HOXD12::ELK1	14	12	213	237	1.3190954773869348	0.3141043579902738	0.9717237885552725
MA1999.2	Prdm5	14	12	213	237	1.3190954773869348	0.3141043579902738	0.9717237885552725
MA0737.1	GLIS3	16	14	213	237	1.293691080493111	0.3108845304353993	0.9717237885552725
MA0682.3	PITX1	197	215	213	237	1.2598837209302325	0.3077732764204559	0.9717237885552725
MA0032.2	FOXC1	167	180	213	237	1.1496376811594202	0.3066389637141169	0.9717237885552725
MA1975.2	ZNF214	61	62	213	237	1.132746179966044	0.3143587197280124	0.9717237885552725
MA0038.3	GFI1	146	156	213	237	1.1314580941446613	0.3041271431354226	0.9717237885552725
MA1585.2	ZKSCAN1	112	118	213	237	1.1183084410135928	0.3094970040815577	0.9717237885552725
MA1719.2	ZNF816	11	9	213	237	1.3795379537953796	0.3174467969243154	0.9720614110142689
MA0825.2	MNT	201	220	213	237	1.294318181818182	0.3197795850893855	0.9720614110142689
MA0886.2	EMX2	190	207	213	237	1.1972274732199117	0.3217935255247694	0.9720614110142689
MA0075.4	PRRX2	158	170	213	237	1.1321925133689839	0.31691005902279035	0.9720614110142689
MA1713.2	ZNF610	59	60	213	237	1.1301948051948052	0.3206736520681551	0.9720614110142689
MA0846.2	FOXC2	142	152	213	237	1.118421052631579	0.3214289974838773	0.9720614110142689
MA0084.2	SRY	183	199	213	237	1.164824120603015	0.32889178334217556	0.9869020560741764
MA0065.3	Pparg::Rxra	78	81	213	237	1.1127572016460905	0.32896735202472543	0.9869020560741764
MA0115.1	NR1H2::RXRA	1	0	213	237	999.0	0.47333333333333333	1.0
MA0149.1	EWSR1-FLI1	1	0	213	237	999.0	0.47333333333333333	1.0
MA0033.2	FOXL1	213	237	213	237	999.0	1.0	1.0
MA2093.1	HOXB1	213	237	213	237	999.0	1.0	1.0
MA1718.1	ZNF8	1	0	213	237	999.0	0.47333333333333333	1.0
MA1684.1	Foxn1	213	237	213	237	999.0	1.0	1.0
MA0635.2	BARHL2	213	237	213	237	999.0	1.0	1.0
MA1471.2	BARX2	213	237	213	237	999.0	1.0	1.0
MA0879.3	DLX1	213	237	213	237	999.0	1.0	1.0
MA0027.3	EN1	213	237	213	237	999.0	1.0	1.0
MA0820.2	FIGLA	213	237	213	237	999.0	1.0	1.0
MA0887.2	EVX1	213	237	213	237	999.0	1.0	1.0
MA0888.2	EVX2	213	237	213	237	999.0	1.0	1.0
MA0891.2	GSC2	213	237	213	237	999.0	1.0	1.0
MA0892.2	GSX1	213	237	213	237	999.0	1.0	1.0
MA0893.3	GSX2	213	237	213	237	999.0	1.0	1.0
MA0738.2	HIC2	213	237	213	237	999.0	1.0	1.0
MA1496.2	HOXA4	213	237	213	237	999.0	1.0	1.0
MA1497.2	HOXA6	213	237	213	237	999.0	1.0	1.0
MA1498.3	HOXA7	213	237	213	237	999.0	1.0	1.0
MA0594.3	HOXA9	213	237	213	237	999.0	1.0	1.0
MA0902.3	HOXB2	213	237	213	237	999.0	1.0	1.0
MA0903.2	HOXB3	213	237	213	237	999.0	1.0	1.0
MA1500.2	HOXB6	213	237	213	237	999.0	1.0	1.0
MA1504.2	HOXC4	213	237	213	237	999.0	1.0	1.0
MA1505.2	HOXC8	213	237	213	237	999.0	1.0	1.0
MA1507.2	HOXD4	213	237	213	237	999.0	1.0	1.0
MA0699.2	LBX2	213	237	213	237	999.0	1.0	1.0
MA0704.2	Lhx4	213	237	213	237	999.0	1.0	1.0
MA0498.3	MEIS1	213	237	213	237	999.0	1.0	1.0
MA0662.2	MIXL1	213	237	213	237	999.0	1.0	1.0
MA0708.3	MSX2	213	237	213	237	999.0	1.0	1.0
MA0625.3	NFATC3	213	237	213	237	999.0	1.0	1.0
MA0671.2	NFIX	213	237	213	237	999.0	1.0	1.0
MA0673.2	NKX2-8	213	237	213	237	999.0	1.0	1.0
MA0675.2	NKX6-2	213	237	213	237	999.0	1.0	1.0
MA1534.2	NR1I3	213	237	213	237	999.0	1.0	1.0
MA1535.2	NR2C1	213	237	213	237	999.0	1.0	1.0
MA1536.2	NR2C2	213	237	213	237	999.0	1.0	1.0
MA0711.2	OTX1	213	237	213	237	999.0	1.0	1.0
MA1554.2	RFX7	213	237	213	237	999.0	1.0	1.0
MA0719.2	RHOXF1	213	237	213	237	999.0	1.0	1.0
MA0723.3	VAX2	213	237	213	237	999.0	1.0	1.0
MA1589.2	ZNF140	1	0	213	237	999.0	0.47333333333333333	1.0
MA1983.2	ZNF582	1	0	213	237	999.0	0.47333333333333333	1.0
MA0850.1	FOXP3	212	234	213	237	2.717948717948718	0.35278787027882696	1.0
MA1558.2	SNAI1	211	233	213	237	1.8111587982832618	0.39417758576144957	1.0
MA0130.1	ZNF354C	210	232	213	237	1.5086206896551724	0.4221927374097199	1.0
MA0890.2	GBX2	207	228	213	237	1.361842105263158	0.37832770866264903	1.0
MA0716.2	PRRX1	209	231	213	237	1.3571428571428572	0.4433180640729028	1.0
MA0868.3	SOX8	209	231	213	237	1.3571428571428572	0.4433180640729028	1.0
MA0766.3	GATA5	205	226	213	237	1.2472345132743363	0.4102299584333498	1.0
MA1420.1	IRF5	15	14	213	237	1.2067099567099566	0.3823182060956688	1.0
MA0714.2	PITX3	210	233	213	237	1.201716738197425	0.5585578795387185	1.0
MA1941.2	ETV2::FIGLA	17	16	213	237	1.1980229591836735	0.37426651935629923	1.0
MA0113.4	NR3C1	20	19	213	237	1.1889828197436596	0.3629330251823513	1.0
MA1572.1	TGIF2LY	22	21	213	237	1.1847419596110695	0.3557811911198185	1.0
MA0634.2	ALX3	203	224	213	237	1.178125	0.43572659452094586	1.0
MA0881.2	Dlx4	203	224	213	237	1.178125	0.43572659452094586	1.0
MA0160.3	NR4A2	191	209	213	237	1.1631143975641582	0.3638328184791409	1.0
MA0461.3	Atoh1	186	203	213	237	1.1538040503557745	0.3531269130845184	1.0
MA0135.2	Lhx3	31	31	213	237	1.1318681318681318	0.3755299475104274	1.0
MA0658.2	LHX6	209	232	213	237	1.1260775862068966	0.5659623216452704	1.0
MA1985.1	ZNF669	20	20	213	237	1.1243523316062176	0.4246385197650497	1.0
MA0636.1	BHLHE41	54	55	213	237	1.1238421955403088	0.3369289666056737	1.0
MA1149.2	RARA::RXRG	54	55	213	237	1.1238421955403088	0.3369289666056737	1.0
MA0814.3	TFAP2C	52	53	213	237	1.1212938005390836	0.3436436878885517	1.0
MA0142.1	Pou5f1::Sox2	12	12	213	237	1.1194029850746268	0.4752734464984289	1.0
MA0799.3	RFX4	10	10	213	237	1.1182266009852218	0.49241984230080754	1.0
MA1714.2	ZNF675	6	6	213	237	1.1159420289855073	0.5396927389852716	1.0
MA0728.1	Nr2F6	5	5	213	237	1.1153846153846154	0.5566819359270971	1.0
MA1976.2	ZNF320	5	5	213	237	1.1153846153846154	0.5566819359270971	1.0
MA0752.2	ZNF410	5	5	213	237	1.1153846153846154	0.5566819359270971	1.0
MA0475.3	FLI1	176	192	213	237	1.114864864864865	0.37457334944426596	1.0
MA0804.2	TBX19	4	4	213	237	1.1148325358851674	0.5778072625902801	1.0
MA0717.2	RAX2	200	221	213	237	1.113818308388444	0.46655828911551905	1.0
MA0725.2	VSX1	146	157	213	237	1.1103717083372944	0.33793052048610867	1.0
MA0722.2	VAX1	195	215	213	237	1.1085271317829457	0.4438927288903692	1.0
MA1107.3	KLF9	42	43	213	237	1.1081191350469197	0.3795865452981991	1.0
MA0872.1	TFAP2A	40	41	213	237	1.1053150993937686	0.3873706596903753	1.0
MA0833.3	ATF4	56	58	213	237	1.100812650999341	0.36879959805734774	1.0
MA1121.2	TEAD2	120	128	213	237	1.0987903225806452	0.34422810700044065	1.0
MA1560.2	SOHLH2	148	160	213	237	1.0957692307692308	0.36414728662235935	1.0
MA0483.2	Gfi1B	178	195	213	237	1.0953846153846154	0.4068082486331514	1.0
MA1635.2	BHLHE22	154	167	213	237	1.0940830203998781	0.37263053652478967	1.0
MA0734.4	Gli2	79	83	213	237	1.0938680093508362	0.3600442758698725	1.0
MA1603.2	Dmrt1	78	82	213	237	1.0921409214092141	0.3636101361177059	1.0
MA0470.3	E2F4	78	82	213	237	1.0921409214092141	0.3636101361177059	1.0
MA0031.2	FOXD1	77	81	213	237	1.0904139433551199	0.36719552969891606	1.0
MA1547.2	PITX2	159	173	213	237	1.0892742453436095	0.38607754860009125	1.0
MA0479.2	FOXH1	165	180	213	237	1.0885416666666667	0.39482540315757225	1.0
MA1944.2	ETV5::DRGX	63	66	213	237	1.0881818181818181	0.3815998579029338	1.0
MA0070.2	PBX1	63	66	213	237	1.0881818181818181	0.3815998579029338	1.0
MA2096.1	ZNF524	152	165	213	237	1.0873323397913561	0.3821113983415817	1.0
MA0146.3	Zfx	138	149	213	237	1.086711409395973	0.37286776793042775	1.0
MA0765.4	ETV5	130	140	213	237	1.085197934595525	0.37173592350766593	1.0
MA0497.2	MEF2C	170	186	213	237	1.0840210052513128	0.40926540294042024	1.0
MA0042.2	FOXI1	203	225	213	237	1.0826666666666667	0.5165058809619116	1.0
MA1508.2	IKZF1	92	98	213	237	1.0784280654410525	0.38221649935972923	1.0
MA0125.2	Nobox	192	212	213	237	1.0781671159029649	0.46698616764069206	1.0
MA1473.2	CDX4	142	154	213	237	1.077922077922078	0.3910119302083987	1.0
MA0017.3	NR2F1	126	136	213	237	1.0755578093306288	0.3880944787847061	1.0
MA0620.4	MITF	41	43	213	237	1.0754461871281773	0.42837728696739075	1.0
MA0598.4	EHF	78	83	213	237	1.0720214190093709	0.3993035738204866	1.0
MA1938.2	ERF::NHLH1	21	22	213	237	1.0688920454545454	0.480317970946417	1.0
MA2125.1	Zfp809	76	81	213	237	1.068396864017302	0.4069036673144809	1.0
MA1981.2	ZNF530	37	39	213	237	1.0673076923076923	0.44666636664384735	1.0
MA0828.3	SREBF2	86	92	213	237	1.0672714823690517	0.4047747321994964	1.0
MA0595.1	SREBF1	114	123	213	237	1.0672579453067257	0.40149395186916786	1.0
MA1115.2	POU5F1	121	131	213	237	1.0642217059409227	0.4083415916972523	1.0
MA0764.4	ETV4	178	196	213	237	1.0638483965014578	0.45314544779731464	1.0
MA0864.3	E2F2	94	101	213	237	1.0636492220650637	0.4095087876916346	1.0
MA0783.1	PKNOX2	19	20	213	237	1.0626288659793814	0.49365961422095433	1.0
MA0803.1	TBX15	136	148	213	237	1.0621270621270622	0.4170132722561048	1.0
MA1937.2	ERF::HOXB13	111	120	213	237	1.0610294117647059	0.4133099438314751	1.0
MA1990.2	Gli1	34	36	213	237	1.0605214152700186	0.461352539561931	1.0
MA1476.3	Dlx5	100	108	213	237	1.0570304818092429	0.4214072209037568	1.0
MA1552.2	RARB	46	49	213	237	1.0568251252596848	0.45046101306170977	1.0
MA1942.2	ETV2::FOXI1	141	154	213	237	1.055465367965368	0.43186895917146545	1.0
MA0911.2	Hoxa11	195	216	213	237	1.0532407407407407	0.5063403857790456	1.0
MA0869.3	Sox11	98	106	213	237	1.0531583264971287	0.4292052749870714	1.0
MA0787.1	POU3F2	88	95	213	237	1.0522947368421052	0.4327334905510512	1.0
MA0810.2	TFAP2A	201	223	213	237	1.0515695067264574	0.5323648989284978	1.0
MA1633.2	BACH1	182	201	213	237	1.0515166104959075	0.4781224546874379	1.0
MA0492.2	JUND	182	201	213	237	1.0515166104959075	0.4781224546874379	1.0
MA1540.3	NR5A1	16	17	213	237	1.0510600179157958	0.5161855257256419	1.0
MA0792.1	POU5F1B	123	134	213	237	1.0504975124378109	0.435447458452173	1.0
MA0087.3	Sox5	114	124	213	237	1.0493646138807429	0.43643307812215976	1.0
MA1125.2	ZNF384	105	114	213	237	1.0489766081871346	0.4369572020859695	1.0
MA2098.1	ZNF766	94	102	213	237	1.0454770143351457	0.444899622526804	1.0
MA0781.2	PAX9	40	43	213	237	1.0431509611506924	0.4787594690130757	1.0
MA0069.1	PAX6	27	29	213	237	1.0411568409343714	0.4999913072167068	1.0
MA0690.3	TBX21	101	110	213	237	1.0411525974025975	0.4527785006454837	1.0
MA1568.2	TCF21	200	222	213	237	1.0395010395010396	0.5395144638411526	1.0
MA1606.2	Foxf1	134	147	213	237	1.0384913459054508	0.46186705185654986	1.0
MA1545.2	OVOL2	186	206	213	237	1.0366774541531822	0.5059874715158825	1.0
MA0760.2	ERF	133	146	213	237	1.0362157534246574	0.4660697803148124	1.0
MA1532.2	NR1D2	37	40	213	237	1.0353693181818182	0.4940816309323882	1.0
MA0822.1	HES7	13	14	213	237	1.0353571428571429	0.542952069375501	1.0
MA0700.3	LHX2	171	189	213	237	1.034013605442177	0.4910948920393225	1.0
MA0028.3	ELK1	123	135	213	237	1.0325925925925925	0.4711908819911291	1.0
MA0616.3	HES2	155	171	213	237	1.03145795523291	0.4840491902483572	1.0
MA1963.2	SATB1	105	115	213	237	1.0314009661835748	0.4723837340057727	1.0
MA1146.2	NR1H4::RXRA	35	38	213	237	1.0297161442933176	0.5048268342971742	1.0
MA0848.1	FOXO4	199	221	213	237	1.029088558500323	0.5462481182440613	1.0
MA0622.2	Mlxip	121	133	213	237	1.028440666884603	0.4793365028988773	1.0
MA1935.2	ERF::FOXI1	206	229	213	237	1.0280723643169059	0.5845461369086129	1.0
MA0052.5	MEF2A	45	49	213	237	1.0276967930029155	0.49890039944430037	1.0
MA1972.1	ZFP14	64	70	213	237	1.0247363374880154	0.49366447725926293	1.0
MA2340.1	Zbtb2	33	36	213	237	1.023611111111111	0.5160590282316272	1.0
MA0689.1	TBX20	91	100	213	237	1.0218852459016394	0.4927864489735156	1.0
MA0468.1	DUX4	175	194	213	237	1.0207542051003797	0.5162313156908509	1.0
MA1581.2	ZBTB6	81	89	213	237	1.0204290091930541	0.49724153611711	1.0
MA1955.2	FOXO1::ELK3	42	46	213	237	1.0198321891685735	0.5140329151382672	1.0
MA1608.2	Isl1	142	157	213	237	1.019108280254777	0.5023607546124073	1.0
MA0696.1	ZIC1	61	67	213	237	1.0182639434406913	0.5069114886477812	1.0
MA0137.4	STAT1	174	193	213	237	1.0171383021123954	0.5212405309869244	1.0
MA0485.3	HOXC9	165	183	213	237	1.014344262295082	0.5202119876454039	1.0
MA1562.2	SOX14	121	134	213	237	1.01095068137573	0.5152856882836316	1.0
MA2117.1	FOXP4	103	114	213	237	1.010287081339713	0.5160498235540159	1.0
MA0786.2	POU3F1	110	122	213	237	1.0066847047588732	0.5236181479014812	1.0
MA0095.4	Yy1	74	82	213	237	1.006316897701351	0.5266668955771838	1.0
MA0153.2	HNF1B	28	31	213	237	1.0057541412380122	0.5467275536776071	1.0
MA0871.3	TFEC	127	141	213	237	1.0054428500742207	0.527220497265084	1.0
MA2338.1	Ppara	144	160	213	237	1.0043478260869565	0.531852854625912	1.0
MA0521.3	Tcf12	117	130	213	237	1.003125	0.5313146060472063	1.0
MA0649.2	HEY2	187	208	213	237	1.0027736686390532	0.5541986077420644	1.0
MA1727.2	ZNF417	81	90	213	237	1.0022727272727272	0.5339302196851876	1.0
MA1640.2	MEIS2	54	60	213	237	1.0018867924528303	0.5393790985452664	1.0
MA1624.2	Stat5a	54	60	213	237	1.0018867924528303	0.5393790985452664	1.0
MA1538.1	NR2F1	36	40	213	237	1.0016949152542374	0.5468545522026853	1.0
MA1119.2	SIX2	27	30	213	237	1.0016129032258065	0.5533926718055198	1.0
MA0842.3	NRL	125	139	213	237	1.0014715500327012	0.5352494681972392	1.0
MA2339.1	Nanog	115	128	213	237	0.9992825255102041	0.5392809868234315	1.0
MA0813.1	TFAP2B	44	49	213	237	0.9989131747373505	0.5477483768992366	1.0
MA1548.2	PLAGL2	114	127	213	237	0.9973753280839895	0.5432541932150956	1.0
MA2325.1	EPAS1	104	116	213	237	0.9952546662448593	0.5475852617444261	1.0
MA1113.3	PBX2	51	57	213	237	0.9941520467836257	0.5540861951935356	1.0
MA0823.1	HEY1	121	135	213	237	0.993719806763285	0.55115293820312	1.0
MA0612.3	EMX1	194	216	213	237	0.9926900584795322	0.5753614802349503	1.0
MA0651.3	HOXC11	102	114	213	237	0.9914651493598862	0.5555728711299057	1.0
MA1531.2	NR1D1	84	94	213	237	0.9905987135081643	0.5576749427645387	1.0
MA0018.5	CREB1	58	65	213	237	0.9901736972704714	0.5602631687971771	1.0
MA1524.3	Msgn1	75	84	213	237	0.9899068322981367	0.559448384394907	1.0
MA1997.2	Olig2	146	163	213	237	0.989286695357568	0.5617119820635051	1.0
MA0866.1	SOX21	8	9	213	237	0.9886178861788618	0.6047183258838612	1.0
MA1939.2	ERF::SREBF2	24	27	213	237	0.9876543209876543	0.5747102507289115	1.0
MA0913.3	HOXD9	193	215	213	237	0.9874418604651163	0.5805023168758754	1.0
MA2094.1	PAX8	126	141	213	237	0.9860601614086574	0.5672665094489489	1.0
MA1629.2	Zic2	48	54	213	237	0.9858585858585859	0.5693587833060283	1.0
MA1483.3	ELF2	135	151	213	237	0.9857361181864494	0.5681820720110139	1.0
MA1103.3	FOXK2	116	130	213	237	0.9842981760507533	0.5707947250129286	1.0
MA0785.2	POU2F1	116	130	213	237	0.9842981760507533	0.5707947250129286	1.0
MA1948.2	ETV5::HOXA2	107	120	213	237	0.9841981132075471	0.5709322826108274	1.0
MA0880.2	Dlx3	182	203	213	237	0.9833147942157954	0.5786404316324514	1.0
MA1720.2	ZNF85	31	35	213	237	0.9830455259026688	0.5775722038482441	1.0
MA0808.1	TEAD3	192	214	213	237	0.9826435246995995	0.585469271468125	1.0
MA0791.2	POU4F3	23	26	213	237	0.9823886639676114	0.5823192040650575	1.0
MA0488.2	JUN	171	191	213	237	0.9805534779356769	0.5803015780936271	1.0
MA0504.2	NR2C2	123	138	213	237	0.9804347826086957	0.5789347054819334	1.0
MA0697.3	Zic3	79	89	213	237	0.9803790038571188	0.578724617416263	1.0
MA0844.2	XBP1	96	108	213	237	0.98005698005698	0.5795914117742366	1.0
MA0641.1	ELF4	54	61	213	237	0.9798948345190226	0.5796670875479684	1.0
MA0601.2	Arid3b	170	190	213	237	0.97796817625459	0.5845386785490481	1.0
MA0885.3	Dlx2	94	106	213	237	0.9762169018550817	0.5876303772382645	1.0
MA0821.2	HES5	77	87	213	237	0.9761663286004056	0.5872679519965798	1.0
MA0838.1	CEBPG	139	156	213	237	0.9753118503118503	0.5892627130437711	1.0
MA0141.4	ESRRB	52	59	213	237	0.9744183598273503	0.5896900269282834	1.0
MA0815.1	TFAP2C	44	50	213	237	0.9737278106508875	0.5907345970595798	1.0
MA1418.2	IRF3	7	8	213	237	0.9726941747572816	0.6216722913373509	1.0
MA0520.2	Stat6	128	144	213	237	0.9725490196078431	0.5952252678005037	1.0
MA0736.1	GLIS2	59	67	213	237	0.9720876138786586	0.5943911294707793	1.0
MA0870.1	Sox1	14	16	213	237	0.9717336683417085	0.6031703113719553	1.0
MA0626.2	Npas2	137	154	213	237	0.9715481886534518	0.5969072790704406	1.0
MA0466.4	CEBPB	83	94	213	237	0.9712765957446808	0.5975459521338313	1.0
MA0593.2	FOXP2	118	133	213	237	0.9712702809655718	0.5981416084802151	1.0
MA0117.3	Mafb	118	133	213	237	0.9712702809655718	0.5981416084802151	1.0
MA1487.3	FOXE1	136	153	213	237	0.9696969696969697	0.6006964261795134	1.0
MA1649.2	ZBTB12	108	122	213	237	0.9695550351288056	0.6018432852547676	1.0
MA0613.1	FOXG1	90	102	213	237	0.9684361549497847	0.6037831283588772	1.0
MA1569.2	TFAP2E	145	163	213	237	0.9680620714543486	0.6033182706104565	1.0
MA1509.1	IRF6	135	152	213	237	0.9678643724696356	0.6044646177238806	1.0
MA0837.3	CEBPE	89	101	213	237	0.9664643883743212	0.6078400393595178	1.0
MA2001.2	Six4	115	130	213	237	0.9658555729984302	0.6095477337737072	1.0
MA1968.2	TFCP2	124	140	213	237	0.9653290529695024	0.6103180330644644	1.0
MA0621.2	mix-a	72	82	213	237	0.9652309289050337	0.6089880697916012	1.0
MA1520.2	MAF	27	31	213	237	0.9646201873048907	0.6051108611499674	1.0
MA0809.3	TEAD4	95	108	213	237	0.9616290018832392	0.6182351454469116	1.0
MA0851.2	Foxj3	112	127	213	237	0.9604740001559211	0.6208834597478203	1.0
MA1142.2	FOSL1::JUND	186	208	213	237	0.9604700854700855	0.6124025904755596	1.0
MA1707.2	DMRTA1	199	222	213	237	0.9604247104247104	0.6176817939043312	1.0
MA0156.4	FEV	130	147	213	237	0.9589377919842635	0.6230188301155422	1.0
MA1650.2	ZBTB14	130	147	213	237	0.9589377919842635	0.6230188301155422	1.0
MA0505.3	Nr5A2	54	62	213	237	0.9586122945830797	0.6189270248332204	1.0
MA0744.3	SCRT2	54	62	213	237	0.9586122945830797	0.6189270248332204	1.0
MA2124.1	Hmga1	69	79	213	237	0.9583333333333334	0.6223008002777899	1.0
MA0743.3	SCRT1	61	70	213	237	0.9574248120300752	0.6226099752785257	1.0
MA0789.1	POU3F4	101	115	213	237	0.9566770186335404	0.6288132515290774	1.0
MA1996.2	Nr1H2	160	180	213	237	0.9559748427672956	0.623873235541415	1.0
MA1100.3	ASCL1	198	221	213	237	0.9556561085972851	0.6217637182277751	1.0
MA0526.5	USF2	60	69	213	237	0.9548167092924126	0.6273694634752103	1.0
MA0819.3	CLOCK	197	220	213	237	0.9514204545454545	0.6257334806437007	1.0
MA0867.3	SOX4	197	220	213	237	0.9514204545454545	0.6257334806437007	1.0
MA1726.2	ZNF331	31	36	213	237	0.951007326007326	0.6255314931428588	1.0
MA0638.2	CREB3	51	59	213	237	0.9497802887633396	0.6342621200695631	1.0
MA0145.2	Tfcp2l1	115	131	213	237	0.9495248481071819	0.6435675506247726	1.0
MA1571.1	TGIF2LX	18	21	213	237	0.9494505494505494	0.6252800602786253	1.0
MA1993.2	Neurod2	124	141	213	237	0.9486014821898159	0.6447466420106622	1.0
MA0633.3	Twist2	124	141	213	237	0.9486014821898159	0.6447466420106622	1.0
MA0830.3	TCF4	105	120	213	237	0.9479166666666666	0.6471358577837265	1.0
MA0640.3	ELF3	71	82	213	237	0.9451219512195121	0.6488062973963613	1.0
MA0780.1	PAX3	36	42	213	237	0.9443099273607748	0.6378311621791518	1.0
MA0143.5	SOX2	142	161	213	237	0.9440993788819876	0.6506060468822281	1.0
MA0836.3	CEBPD	70	81	213	237	0.9427609427609428	0.6532043227894074	1.0
MA1463.2	ARGFX	152	172	213	237	0.9416698436904308	0.6523588881228994	1.0
MA1102.3	CTCFL	110	126	213	237	0.9408229311141932	0.6617290677101674	1.0
MA0472.2	EGR2	140	159	213	237	0.9408115792194366	0.6574949467284178	1.0
MA0522.4	TCF3	140	159	213	237	0.9408115792194366	0.6574949467284178	1.0
MA0756.3	ONECUT2	162	183	213	237	0.9373191899710704	0.6563563121114483	1.0
MA0726.2	VSX2	126	144	213	237	0.9353448275862069	0.6712847225859222	1.0
MA1998.2	Prdm14	81	94	213	237	0.9335106382978723	0.67419080746117	1.0
MA0147.4	MYC	73	85	213	237	0.9324369747899159	0.6742925369059084	1.0
MA0805.1	TBX1	159	180	213	237	0.9324074074074075	0.6663802156749368	1.0
MA0004.1	Arnt	124	142	213	237	0.9321095109985758	0.6780874799090741	1.0
MA0751.2	ZIC4	96	111	213	237	0.9313929313929314	0.6806896772199924	1.0
MA0878.3	CDX1	158	179	213	237	0.9308278313864906	0.6696590997609337	1.0
MA1542.2	OSR1	190	213	213	237	0.9308022045315371	0.651102358493174	1.0
MA1724.2	Rfx6	39	46	213	237	0.9306596701649176	0.6615723776725153	1.0
MA0157.4	Foxo3	104	120	213	237	0.9302752293577982	0.6833332848409844	1.0
MA0770.1	HSF2	64	75	213	237	0.9277852348993288	0.6800976920904893	1.0
MA0668.3	Neurod2	78	91	213	237	0.926984126984127	0.6864078012846826	1.0
MA1631.2	ASCL1	85	99	213	237	0.9256628787878788	0.6906601419815819	1.0
MA0701.3	LHX9	187	210	213	237	0.9247252747252748	0.661001270447381	1.0
MA1962.1	POU2F1::SOX2	10	12	213	237	0.9236453201970444	0.6538070973471188	1.0
MA0687.2	SPIC	109	126	213	237	0.9233058608058609	0.6972925250904929	1.0
MA0702.3	LMX1A	152	173	213	237	0.9218231782431536	0.6887628587710612	1.0
MA1593.2	ZNF317	75	88	213	237	0.920207509881423	0.6987329959819655	1.0
MA0464.3	BHLHE40	150	171	213	237	0.9189640768588136	0.6949388741716517	1.0
MA0111.1	Spz1	89	104	213	237	0.9178815136476427	0.7068066575378202	1.0
MA0600.3	RFX2	25	30	213	237	0.9175531914893617	0.670023546165737	1.0
MA1472.3	Bhlha15	66	78	213	237	0.9152276295133438	0.7046449360938853	1.0
MA0500.3	MYOG	66	78	213	237	0.9152276295133438	0.7046449360938853	1.0
MA1625.2	Stat5b	41	49	213	237	0.9145704793545325	0.6895198342005402	1.0
MA0019.2	Ddit3::Cebpa	113	131	213	237	0.914351145038168	0.7147380453936913	1.0
MA0155.1	INSM1	59	70	213	237	0.9140074211502783	0.7032572827275685	1.0
MA0041.3	FOXD3	59	70	213	237	0.9140074211502783	0.7032572827275685	1.0
MA0912.2	HOXD3	178	201	213	237	0.9108742004264392	0.6883805936982421	1.0
MA0909.4	Hoxd13	157	179	213	237	0.9084197924980048	0.7094913225012967	1.0
MA1118.2	SIX1	83	98	213	237	0.9055729984301413	0.7293085483218951	1.0
MA0816.1	Ascl2	75	89	213	237	0.903761602344895	0.7300581549969989	1.0
MA1474.2	CREB3L4	126	146	213	237	0.9026924893717525	0.7346809881395582	1.0
MA1984.2	ZNF667	55	66	213	237	0.9018987341772152	0.7223493030726972	1.0
MA0874.2	Arx	74	88	213	237	0.9014061478090255	0.7340482864758966	1.0
MA1728.2	ZNF549	80	95	213	237	0.8990898298377523	0.7406222511108789	1.0
MA1481.2	DRGX	212	236	213	237	0.8983050847457628	0.7765107646622124	1.0
MA0648.2	GSC	212	236	213	237	0.8983050847457628	0.7765107646622124	1.0
MA0599.1	KLF5	208	232	213	237	0.896551724137931	0.6886065792176377	1.0
MA0519.2	Stat5a::Stat5b	207	231	213	237	0.8961038961038961	0.6849967558291614	1.0
MA0632.3	TCFL5	207	231	213	237	0.8961038961038961	0.6849967558291614	1.0
MA0672.2	NKX2-3	206	230	213	237	0.8956521739130435	0.6830527948069747	1.0
MA0718.2	RAX	206	230	213	237	0.8956521739130435	0.6830527948069747	1.0
MA1965.2	SP5	206	230	213	237	0.8956521739130435	0.6830527948069747	1.0
MA1979.2	ZNF416	71	85	213	237	0.8941176470588236	0.7460830163025705	1.0
MA0849.1	FOXO6	202	226	213	237	0.8938053097345132	0.6833934172293279	1.0
MA0515.1	Sox6	144	166	213	237	0.892613933996857	0.7452730736691401	1.0
MA0043.4	HLF	77	92	213	237	0.8923433503836317	0.7519877533003444	1.0
MA1479.2	DMRTC2	130	151	213	237	0.8920450011968404	0.7529564312753797	1.0
MA1109.2	NEUROD1	91	108	213	237	0.8909380692167578	0.7586433683021623	1.0
MA0670.2	NFIA	141	163	213	237	0.8890593047034765	0.7531898321092799	1.0
MA0715.1	PROP1	69	83	213	237	0.8890562248995983	0.7541628066640702	1.0
MA1537.2	NR2F1	69	83	213	237	0.8890562248995983	0.7541628066640702	1.0
MA1580.1	ZBTB32	90	107	213	237	0.888990198313198	0.7620311396522571	1.0
MA1934.2	ERF::FIGLA	51	62	213	237	0.8885902031063322	0.7420026907363324	1.0
MA1111.2	NR2F2	127	148	213	237	0.8880421118793211	0.7612235826473478	1.0
MA1715.1	ZNF707	4	5	213	237	0.8880382775119617	0.6928229299787203	1.0
MA0692.2	TFEB	190	214	213	237	0.8878504672897196	0.7051046422672411	1.0
MA0114.5	HNF4A	40	49	213	237	0.8871062876017459	0.7328883738451064	1.0
MA0709.2	Msx3	188	212	213	237	0.8867924528301887	0.7094299517625245	1.0
MA1992.2	Ikzf3	68	82	213	237	0.8864592094196804	0.758220542205787	1.0
MA0104.5	MYCN	68	82	213	237	0.8864592094196804	0.758220542205787	1.0
MA0650.4	Hoxa13	114	134	213	237	0.885119855269109	0.7696812684457955	1.0
MA1570.1	TFAP4	184	208	213	237	0.8846153846153846	0.7182024482080616	1.0
MA1105.3	GRHL2	67	81	213	237	0.8838153221714865	0.7622905193134648	1.0
MA0811.2	TFAP2B	182	206	213	237	0.883495145631068	0.7226154419097099	1.0
MA0619.2	LIN54	179	203	213	237	0.8817733990147784	0.7292385719914916	1.0
MA1991.2	Hnf1A	49	60	213	237	0.8814024390243902	0.7520573045744959	1.0
MA0494.2	Nr1h3::Rxra	178	202	213	237	0.8811881188118812	0.7314438567599071	1.0
MA0014.4	PAX5	102	121	213	237	0.8809470627652446	0.7779700399451335	1.0
MA0800.2	EOMES	121	142	213	237	0.8798989589712186	0.7775150998526177	1.0
MA0774.1	MEIS2	173	197	213	237	0.8781725888324873	0.742428026065042	1.0
MA0484.3	HNF4G	43	53	213	237	0.8781354051054384	0.7507128929106971	1.0
MA0856.1	RXRG	38	47	213	237	0.8778115501519757	0.744825863339718	1.0
MA0608.1	Creb3l2	131	153	213	237	0.877092300334768	0.7788963122309938	1.0
MA1131.2	FOSL2::JUN	53	65	213	237	0.8765384615384615	0.7639999496249372	1.0
MA1644.2	NFYC	99	118	213	237	0.8757805530776093	0.7869927035441343	1.0
MA0602.2	Arid5a	107	127	213	237	0.8743128807012331	0.7895989590550587	1.0
MA0072.2	RORA	28	35	213	237	0.8735135135135135	0.7355932906458554	1.0
MA0793.2	POU6F2	160	184	213	237	0.8695652173913043	0.7704967471537274	1.0
MA0056.3	MZF1	74	90	213	237	0.8695443645083932	0.7908354739108989	1.0
MA1947.2	ETV5::FOXO1	153	177	213	237	0.864406779661017	0.7852892381089263	1.0
MA0745.3	SNAI2	92	111	213	237	0.8630779539870449	0.8079012951603324	1.0
MA1539.1	NR2F6	26	33	213	237	0.859504132231405	0.7509218943386395	1.0
MA0779.2	PAX1	98	118	213	237	0.8593957258658806	0.8147999327885671	1.0
MA0852.3	FOXK1	128	151	213	237	0.8576548500194779	0.8124697973642767	1.0
MA0663.1	MLX	63	78	213	237	0.8561538461538462	0.8058747989510697	1.0
MA0025.3	NFIL3	63	78	213	237	0.8561538461538462	0.8058747989510697	1.0
MA0703.3	LMX1B	81	99	213	237	0.8553719008264463	0.8174535074700076	1.0
MA2123.1	Hand1	68	84	213	237	0.8541871921182266	0.8125967906754993	1.0
MA1646.2	OSR2	74	91	213	237	0.8541386670883073	0.8162383662164934	1.0
MA0628.2	POU6F1	103	124	213	237	0.8532991202346041	0.8248726897956765	1.0
MA0679.3	ONECUT1	51	64	213	237	0.8509837962962963	0.8026299911380668	1.0
MA1503.2	HOXB9	167	192	213	237	0.8508831521739131	0.7898076132280843	1.0
MA0853.2	Alx4	46	58	213	237	0.8500929176130497	0.7979213611557846	1.0
MA1716.2	ZNF76	10	13	213	237	0.8488063660477454	0.722679168014861	1.0
MA1577.2	TLX2	187	212	213	237	0.8481494920174165	0.7591188118064971	1.0
MA0818.2	BHLHE22	156	181	213	237	0.8467577784239605	0.8089202772767035	1.0
MA0040.2	Foxq1	65	81	213	237	0.8458458458458459	0.8235287979232042	1.0
MA0639.2	DBP	131	155	213	237	0.8451612903225807	0.8304786024236365	1.0
MA0845.1	FOXB1	152	177	213	237	0.8446790775215337	0.8159767501264092	1.0
MA0721.2	UNCX	191	216	213	237	0.8440656565656566	0.7549181687260468	1.0
MA2324.1	BCL11A	115	138	213	237	0.8418367346938775	0.8412864103266189	1.0
MA0003.5	TFAP2A	44	56	213	237	0.8415046491969569	0.8078941809559271	1.0
MA1933.2	ELK1::SREBF2	20	26	213	237	0.8409724990035871	0.7601661959490245	1.0
MA2121.1	ZNF213	35	45	213	237	0.8389513108614233	0.79694433062797	1.0
MA1583.2	ZFP57	142	167	213	237	0.8383233532934131	0.8337043798195655	1.0
MA0883.2	Dmbx1	122	146	213	237	0.8356164383561644	0.8484588447099165	1.0
MA0754.3	CUX1	138	163	213	237	0.8353374233128834	0.8408018870620809	1.0
MA0071.1	RORA	66	83	213	237	0.8330464716006885	0.8433851790708891	1.0
MA0486.2	HSF1	30	39	213	237	0.832282471626734	0.7959615612843274	1.0
MA0731.1	BCL6B	3	4	213	237	0.8321428571428572	0.729107634571502	1.0
MA0832.2	Tcf21	19	25	213	237	0.8305154639175257	0.7697393018263347	1.0
MA0713.1	PHOX2A	132	157	213	237	0.8303845246520406	0.851430396292383	1.0
MA2099.1	ZNF770	117	141	213	237	0.8297872340425532	0.8583245109045301	1.0
MA1596.1	ZNF460	9	12	213	237	0.8272058823529411	0.7391912776491057	1.0
MA2122.1	Ebf4	9	12	213	237	0.8272058823529411	0.7391912776491057	1.0
MA0686.2	SPDEF	128	153	213	237	0.8267589388696656	0.8584948735730852	1.0
MA0896.2	Hmx1	102	125	213	237	0.8233513513513514	0.8692822010382031	1.0
MA0748.3	YY2	140	166	213	237	0.8202673708532762	0.8600989939957276	1.0
MA0524.3	TFAP2C	139	165	213	237	0.8196560196560196	0.8616172873701987	1.0
MA2333.1	ZNF35	66	84	213	237	0.8177842565597667	0.864715805339592	1.0
MA0480.3	Foxo1	98	121	213	237	0.8169601149838304	0.8777271428348191	1.0
MA1636.2	CEBPG	51	66	213	237	0.8156565656565656	0.8532654980814992	1.0
MA1971.2	ZBED2	117	142	213	237	0.8153609154929577	0.8777807085834427	1.0
MA0854.2	Alx1	89	111	213	237	0.8147340889276373	0.8793738446722303	1.0
MA0684.3	RUNX3	105	129	213	237	0.813953488372093	0.8816122620199034	1.0
MA0772.2	IRF7	24	32	213	237	0.8134920634920635	0.8048853594735286	1.0
MA0826.1	OLIG1	130	156	213	237	0.8132530120481928	0.8753708068376883	1.0
MA1982.2	ZNF574	42	55	213	237	0.8127591706539075	0.8445550160311261	1.0
MA0059.2	MAX::MYC	38	50	213	237	0.8121142857142857	0.8385756894349131	1.0
MA1553.2	RARG	27	36	213	237	0.8104838709677419	0.8166986204605451	1.0
MA0092.2	Hand1::Tcf3	153	180	213	237	0.8075	0.8647620386499403	1.0
MA0527.2	ZBTB33	73	93	213	237	0.8073732718894009	0.8827248137798658	1.0
MA0159.1	RARA::RXRA	14	19	213	237	0.8071938640571278	0.7781319567777898	1.0
MA0048.3	NHLH1	110	135	213	237	0.8069039913700108	0.8899001961263369	1.0
MA0603.2	Arntl	121	147	213	237	0.8052351375332741	0.8891833115312305	1.0
MA1153.2	Smad4	167	194	213	237	0.804683998207082	0.8500306397427643	1.0
MA1642.2	NEUROG2	108	133	213	237	0.804296455424275	0.89333443542688	1.0
MA0665.1	MSC	48	63	213	237	0.8034632034632034	0.8652465579604882	1.0
MA1641.2	MYF5	61	79	213	237	0.8026315789473685	0.8802966870405412	1.0
MA0897.2	Hmx2	26	35	213	237	0.8024446142093201	0.823815998401601	1.0
MA1623.2	Stat2	29	39	213	237	0.8001672240802675	0.8343978149797098	1.0
MA0465.3	CDX2	81	103	213	237	0.7983230361871139	0.8973452954693696	1.0
MA1555.1	RXRB	32	43	213	237	0.797635873056662	0.8445680511657654	1.0
MA1546.2	PAX3	69	89	213	237	0.7968164794007491	0.893247493799577	1.0
MA2126.1	Zfp961	80	102	213	237	0.796107916850951	0.8995585451427071	1.0
MA0771.1	HSF4	74	95	213	237	0.7957591821279818	0.8973175115005703	1.0
MA1645.2	NKX2-2	68	88	213	237	0.7940438871473354	0.8958572688061179	1.0
MA0693.4	Vdr	121	148	213	237	0.7909077555816686	0.9056478735925652	1.0
MA0858.1	Rarb	5	7	213	237	0.7898351648351648	0.7535798542413183	1.0
MA1978.2	ZNF354A	5	7	213	237	0.7898351648351648	0.7535798542413183	1.0
MA0678.1	OLIG2	151	179	213	237	0.7891511984141286	0.8881552030905349	1.0
MA0610.2	DMRT3	143	171	213	237	0.7884711779448621	0.8960654555090584	1.0
MA1952.2	FOXJ2::ELF1	142	170	213	237	0.788235294117647	0.8971019601522618	1.0
MA0817.2	BHLHE23	87	111	213	237	0.7837837837837838	0.9152321863559233	1.0
MA1709.2	ZIM3	30	41	213	237	0.7836865253898441	0.8563229872874465	1.0
MA0499.3	MYOD1	73	95	213	237	0.7793984962406015	0.914806297749982	1.0
MA1602.2	ZSCAN29	108	135	213	237	0.7771428571428571	0.9228795634579906	1.0
MA0122.4	Nkx3-2	98	124	213	237	0.776577840112202	0.9238943248638519	1.0
MA0831.3	TFE3	76	99	213	237	0.7732802477328025	0.922339101757682	1.0
MA0797.1	TGIF2	12	17	213	237	0.7726075504828798	0.8036313650619406	1.0
MA0060.4	NFYA	116	144	213	237	0.7723367697594502	0.9259754219169216	1.0
MA0653.1	IRF9	7	10	213	237	0.7713592233009708	0.7770817884352724	1.0
MA0051.2	IRF2	7	10	213	237	0.7713592233009708	0.7770817884352724	1.0
MA1533.2	NR1I2	64	85	213	237	0.7681010659297276	0.9208320284645938	1.0
MA1126.2	FOS::JUN	37	51	213	237	0.7667112299465241	0.8902304342538029	1.0
MA0862.1	GMEB2	160	189	213	237	0.7666966157532196	0.9011420826609621	1.0
MA2327.1	PGR	100	127	213	237	0.7664971082154554	0.9333173296620084	1.0
MA0158.2	HOXA5	206	231	213	237	0.764378478664193	0.7760157879751255	1.0
MA0124.3	Nkx3-1	206	231	213	237	0.764378478664193	0.7760157879751255	1.0
MA0647.2	GRHL1	62	83	213	237	0.7618287720418097	0.9253923282467849	1.0
MA0495.4	MAFF	30	42	213	237	0.7611241217798594	0.8810998166883157	1.0
MA1615.2	Plagl1	66	88	213	237	0.7602040816326531	0.9295394096072428	1.0
MA0667.1	MYF6	75	99	213	237	0.7575757575757576	0.9363510864150569	1.0
MA0812.2	TFAP2B	144	174	213	237	0.7556221889055472	0.9272289595685105	1.0
MA0631.2	Six3	35	49	213	237	0.7544141252006421	0.8990096204810386	1.0
MA1129.1	FOSL1::JUN	29	41	213	237	0.7534464475079533	0.8865126359710837	1.0
MA1475.2	CREB3L4	154	184	213	237	0.7518422991893884	0.9216282240646484	1.0
MA0843.2	TEF	183	211	213	237	0.7516587677725118	0.8732751065836459	1.0
MA0463.3	BCL6	26	37	213	237	0.7515536927301634	0.880314551217059	1.0
MA0807.1	TBX5	200	226	213	237	0.7488087134104833	0.8157249822750716	1.0
MA0660.1	MEF2B	40	56	213	237	0.7473162675474814	0.9147639651392072	1.0
MA1619.2	Ptf1A	76	101	213	237	0.7469827274698273	0.9453654211711435	1.0
MA1632.2	ATF2	50	69	213	237	0.7468658308882369	0.928280974566137	1.0
MA1557.1	SMAD5	104	133	213	237	0.7460853969786853	0.9496796757936868	1.0
MA1467.3	Atoh1	115	145	213	237	0.7445460942997889	0.9492577159606649	1.0
MA0091.2	TAL1::TCF3	65	88	213	237	0.7436271498771498	0.9429500695958457	1.0
MA0614.1	Foxj2	186	214	213	237	0.7403946002076843	0.875221788764922	1.0
MA1986.2	ZNF692	165	195	213	237	0.7403846153846154	0.9180722438139793	1.0
MA0898.2	Hmx3	110	140	213	237	0.7399445214979196	0.9533897629582369	1.0
MA1556.1	RXRG	45	63	213	237	0.7397959183673469	0.928597995595654	1.0
MA1964.2	SMAD2	194	221	213	237	0.7392236246725411	0.8494301661968054	1.0
MA0058.4	MAX	201	227	213	237	0.737885462555066	0.8195256145810897	1.0
MA0739.2	Hic1	201	227	213	237	0.737885462555066	0.8195256145810897	1.0
MA0681.3	PHOX2B	17	25	213	237	0.7355102040816327	0.8638561530855327	1.0
MA0863.1	MTF1	6	9	213	237	0.7342995169082126	0.7991109067309522	1.0
MA1995.2	Npas4	119	150	213	237	0.7342553191489362	0.9553983464337223	1.0
MA1133.2	JUN::JUNB	24	35	213	237	0.7328798185941043	0.8925026475380675	1.0
MA1528.2	NFIX	50	70	213	237	0.7318141980718668	0.940706957784653	1.0
MA0102.5	CEBPA	43	61	213	237	0.7297974927675989	0.9343394841399317	1.0
MA0508.4	PRDM1	101	131	213	237	0.7296892039258451	0.9608023135496953	1.0
MA0901.3	HOXB13	69	94	213	237	0.7289450354609929	0.9555785828268321	1.0
MA1152.2	SOX15	202	228	213	237	0.7248803827751196	0.8241781161994002	1.0
MA1932.2	ELK1::HOXB13	42	60	213	237	0.724561403508772	0.9371726578756219	1.0
MA1485.1	FERD3L	77	104	213	237	0.7240526018099548	0.9614555771683476	1.0
MA1949.2	FLI1::DRGX	36	52	213	237	0.7235984354628422	0.9288536365401565	1.0
MA0680.3	Pax7	23	34	213	237	0.7227554179566563	0.8986285087554118	1.0
MA0607.2	BHLHA15	122	154	213	237	0.7225631511345797	0.9618070100529009	1.0
MA0116.1	Znf423	41	59	213	237	0.7191564840362633	0.9399783836043003	1.0
MA2119.1	HOXA3	208	233	213	237	0.7141630901287553	0.7980915816856738	1.0
MA0088.2	ZNF143	22	33	213	237	0.7120418848167539	0.9047668264707037	1.0
MA1145.2	FOSL2::JUND	42	61	213	237	0.7086568881219442	0.9487907428570368	1.0
MA0773.1	MEF2D	48	69	213	237	0.708300395256917	0.9553598285281165	1.0
MA1106.2	HIF1A	170	201	213	237	0.7080874696286011	0.9351214846054592	1.0
MA0605.3	ATF3	52	75	213	237	0.697639751552795	0.9648673780388857	1.0
MA0900.3	HOXA2	199	226	213	237	0.6918457648546145	0.8641198393440808	1.0
MA0630.2	SHOX	194	222	213	237	0.689900426742532	0.8881735332037146	1.0
MA0618.2	LBX1	204	230	213	237	0.6898550724637681	0.8369458590140894	1.0
MA0131.3	HINFP	176	207	213	237	0.6893850372111242	0.9375342733065778	1.0
MA0795.1	SMAD3	60	86	213	237	0.6885544915640675	0.9738521957962476	1.0
MA1951.2	FOS	22	34	213	237	0.6877117339082229	0.9244730997877965	1.0
MA1464.2	ARNT2	177	208	213	237	0.6854967948717948	0.9381560379211624	1.0
MA0512.2	Rxra	12	19	213	237	0.6849960722702279	0.8820218089933041	1.0
MA1493.1	HES6	129	164	213	237	0.6835801393728222	0.97819872653488	1.0
MA1960.2	MGA::EVX1	85	117	213	237	0.6810897435897436	0.9826400313071417	1.0
MA0691.1	TFAP4	65	93	213	237	0.6800348735832606	0.9792285497147378	1.0
MA0629.2	Rhox11	172	204	213	237	0.6786226685796269	0.9503681290422747	1.0
MA0840.2	Creb5	78	109	213	237	0.6784913353720693	0.9826778629724657	1.0
MA0604.1	Atf1	200	227	213	237	0.6777363605557438	0.8687034932074451	1.0
MA1712.2	ZNF454	21	33	213	237	0.6761363636363636	0.9298288767215139	1.0
MA1139.2	FOSL2::JUNB	23	36	213	237	0.6758771929824562	0.9360671003294453	1.0
MA0677.2	Nr2f6	19	30	213	237	0.6757731958762887	0.9231677443241292	1.0
MA0154.5	EBF1	8	13	213	237	0.6724202626641651	0.862894212037838	1.0
MA1722.2	ZSCAN31	8	13	213	237	0.6724202626641651	0.862894212037838	1.0
MA0827.1	OLIG3	191	220	213	237	0.6708677685950413	0.9123953940983017	1.0
MA0806.1	TBX4	209	234	213	237	0.6698717948717948	0.8167192383555828	1.0
MA0801.1	MGA	186	216	213	237	0.6697530864197531	0.9281068782816391	1.0
MA1494.2	HNF4A	13	21	213	237	0.6685714285714286	0.9009824657063965	1.0
MA0006.2	Ahr::Arnt	205	231	213	237	0.6655844155844156	0.8457380328512385	1.0
MA1099.3	HES1	205	231	213	237	0.6655844155844156	0.8457380328512385	1.0
MA1515.2	KLF2	205	231	213	237	0.6655844155844156	0.8457380328512385	1.0
MA1618.2	Ptf1A	68	98	213	237	0.6651653764954257	0.9850139613492465	1.0
MA1466.2	ATF6	26	41	213	237	0.6646667536194079	0.9508783300269545	1.0
MA0857.1	Rarb	3	5	213	237	0.6628571428571428	0.8198878577602353	1.0
MA1529.2	NHLH2	30	47	213	237	0.6627136379490757	0.9597038398125479	1.0
MA0749.2	ZBED1	47	71	213	237	0.6619718309859155	0.9779443661035494	1.0
MA0802.2	TBR1	144	180	213	237	0.6608695652173913	0.9809195239054097	1.0
MA1566.3	TBX3	146	182	213	237	0.6585205838937183	0.9808337244778549	1.0
MA1136.1	FOSB::JUNB	41	63	213	237	0.6583610188261351	0.9750227226088413	1.0
MA0609.3	CREM	14	23	213	237	0.6545772339960673	0.916832105638178	1.0
MA0855.1	RXRB	21	34	213	237	0.6530330882352942	0.9453083783470144	1.0
MA0509.3	RFX1	12	20	213	237	0.6477611940298508	0.9105674414021582	1.0
MA1620.2	Ptf1A	91	127	213	237	0.6460565380147154	0.991784162462641	1.0
MA0839.2	CREB3L1	26	42	213	237	0.6455309396485867	0.9616007181305921	1.0
MA0623.2	NEUROG1	114	152	213	237	0.6439393939393939	0.9914267896172942	1.0
MA0100.4	MYB	198	226	213	237	0.6424778761061947	0.9018868062332291	1.0
MA1936.2	ERF::FOXO1	194	223	213	237	0.6410195893320746	0.920059395789195	1.0
MA1980.1	ZNF418	20	33	213	237	0.6406029203956665	0.9498265748491035	1.0
MA0698.2	ZBTB18	71	104	213	237	0.6394230769230769	0.9916447235726801	1.0
MA0694.2	ZBTB7B	123	162	213	237	0.6327160493827161	0.9924523386083389	1.0
MA1527.2	NFIC	16	27	213	237	0.631697687535251	0.9412863200530184	1.0
MA0859.2	Rarg	16	27	213	237	0.631697687535251	0.9412863200530184	1.0
MA1957.1	HOXB2::ELK1	26	43	213	237	0.6272851635368735	0.9702564387110277	1.0
MA0776.1	MYBL1	92	130	213	237	0.6258105530832804	0.9948762201292833	1.0
MA1989.2	Bcl11B	42	67	213	237	0.6231997905210788	0.9872077245037193	1.0
MA0656.2	JDP2	49	77	213	237	0.6208425720620843	0.9906175507864828	1.0
MA1127.1	FOSB::JUN	20	34	213	237	0.6187138067662298	0.9615899266888619	1.0
MA0103.4	ZEB1	203	230	213	237	0.6178260869565217	0.8878610540865093	1.0
MA0757.2	ONECUT3	18	31	213	237	0.6133995037220844	0.9585977627126472	1.0
MA0683.2	POU4F2	5	9	213	237	0.6089743589743589	0.8769109150189159	1.0
MA0615.2	Gmeb1	200	228	213	237	0.6072874493927125	0.9118419832305639	1.0
MA0523.2	TCF7L2	200	228	213	237	0.6072874493927125	0.9118419832305639	1.0
MA1967.2	TFAP4::FLI1	10	18	213	237	0.5993431855500821	0.9299037711411117	1.0
MA1931.1	ELK1::HOXA1	15	27	213	237	0.5892255892255892	0.9605502809422289	1.0
MA1123.3	TWIST1	101	144	213	237	0.5824032738095238	0.9983341554371833	1.0
MA0161.3	NFIC	61	97	213	237	0.5792186652197504	0.9977079088697468	1.0
MA0688.2	TBX2	189	221	213	237	0.5701357466063348	0.9677455066285365	1.0
MA1140.3	JUNB	11	21	213	237	0.5601131541725601	0.9572956053453648	1.0
MA1148.2	PPARA::RXRA	11	21	213	237	0.5601131541725601	0.9572956053453648	1.0
MA2330.1	ZBTB24	12	23	213	237	0.5554834523036989	0.964099131311638	1.0
MA1484.2	ETS2	205	232	213	237	0.5522629310344828	0.9073460509529765	1.0
MA0905.2	HOXC10	205	232	213	237	0.5522629310344828	0.9073460509529765	1.0
MA0138.3	REST	2	4	213	237	0.5521327014218009	0.865247238067131	1.0
MA0112.4	ESR1	6	12	213	237	0.5434782608695652	0.9287556775714673	1.0
MA0002.3	Runx1	185	219	213	237	0.5430528375733855	0.9821080498509012	1.0
MA1530.2	NKX6-3	197	227	213	237	0.5424008810572687	0.9554177383767687	1.0
MA0834.2	ATF7	33	60	213	237	0.5408333333333334	0.9965733576735807	1.0
MA0798.3	RFX3	8	16	213	237	0.5390243902439025	0.9490875823186469	1.0
MA0777.1	MYBL2	21	40	213	237	0.538671875	0.9900489245787883	1.0
MA1468.1	ATOH7	200	229	213	237	0.5374538125629829	0.9448252034705507	1.0
MA0510.3	RFX5	10	20	213	237	0.5344827586206896	0.9636921400230744	1.0
MA0652.2	IRF8	12	24	213	237	0.5298507462686567	0.9741796168154644	1.0
MA1421.1	TCF7L1	24	47	213	237	0.5133400878081729	0.9958630271816471	1.0
MA0074.1	RXRA::VDR	8	17	213	237	0.5050215208034433	0.9645260126651525	1.0
MA0796.1	TGIF1	6	13	213	237	0.49944258639910816	0.951392973472236	1.0
MA1419.2	IRF4	6	13	213	237	0.49944258639910816	0.951392973472236	1.0
MA2336.1	ZSCAN21	109	161	213	237	0.4947443860487339	0.9999025709790498	1.0
MA1544.2	OVOL1	112	164	213	237	0.49360057957015213	0.9998990290013903	1.0
MA0904.3	HOXB5	204	232	213	237	0.4885057471264368	0.9415727276761642	1.0
MA0259.2	ARNT::HIF1A	164	208	213	237	0.46664050235478804	0.9991711855388882	1.0
MA1108.3	MXI1	194	227	213	237	0.44980292140041733	0.9871413104068535	1.0
MA1495.2	HOXA1	211	236	213	237	0.4470338983050847	0.8947405610351045	1.0
MA0775.2	MEIS3	211	236	213	237	0.4470338983050847	0.8947405610351045	1.0
MA0642.3	EN2	207	234	213	237	0.4423076923076923	0.9356496617096167	1.0
MA1973.2	ZKSCAN3	2	5	213	237	0.43981042654028435	0.9197030794653825	1.0
MA0899.2	HOXA10	186	223	213	237	0.43248629795715	0.996189876501734	1.0
MA0730.1	RARA	5	13	213	237	0.41420118343195267	0.97577159982691	1.0
MA0729.1	RARA	2	6	213	237	0.36492890995260663	0.9529748200337651	1.0
MA0735.2	GLIS1	4	12	213	237	0.3588516746411483	0.9834024794124167	1.0
MA0163.1	PLAG1	5	15	213	237	0.3557692307692308	0.9901843751692877	1.0
MA1573.2	Thap11	3	10	213	237	0.3242857142857143	0.9831238925153752	1.0
MA1597.1	ZNF528	2	7	213	237	0.3114421123899797	0.9728475338574143	1.0
MA2335.1	ZNF558	1	4	213	237	0.27476415094339623	0.9602880933376644	1.0
MA0066.2	PPARG	1	4	213	237	0.27476415094339623	0.9602880933376644	1.0
MA0661.2	MEOX1	207	236	213	237	0.1461864406779661	0.9949501910325961	1.0
MA1563.2	SOX18	212	237	213	237	0.0	1.0	1.0
MA0877.4	BARHL1	211	237	213	237	0.0	1.0	1.0
MA0876.2	BSX	212	237	213	237	0.0	1.0	1.0
MA1478.2	DMRTA2	211	237	213	237	0.0	1.0	1.0
MA0894.2	HESX1	210	237	213	237	0.0	1.0	1.0
MA1499.2	HOXB4	212	237	213	237	0.0	1.0	1.0
MA0707.3	MNX1	212	237	213	237	0.0	1.0	1.0
MA0710.2	NOTO	212	237	213	237	0.0	1.0	1.0
